"","completeness","contamination","avg_gene_length","genome_size","gc"
"MAG001",93.87,1.86,301.58883248731,2431695,60
"MAG002",54.88,2.85,219.662840746055,1099947,25
"MAG003",99.8,0.91,261.293565054016,1953659,47
"MAG004",99.77,0.13,310.679383116883,2608110,38
"MAG005",97.58,0.82,317.711128967457,2852772,47
"MAG006",98.37,0.01,325.832676056338,1990554,50
"MAG007",87.72,1.05,245.627388535032,1083672,27
"MAG008",79.91,0.07,318.625638406537,2103761,45
"MAG009",66.07,0.82,288.196233521657,2713340,28
"MAG010",99.73,0.81,340.765399035886,2206531,41
"MAG011",98.25,0.31,316.205,1885216,42
"MAG012",93.12,0.1,288.168215613383,2161900,57
"MAG013",80.04,1.95,288.71482602118,1294944,54
"MAG014",99.33,0.01,320.748127340824,2370259,59
"MAG015",68.75,0.59,275.624,1962575,59
"MAG016",72.27,3.46,258.447713463383,2950748,48
"MAG017",65.46,3.39,316.455361859482,2055380,52
"MAG018",100,0.51,313.510396975425,2792947,53
"MAG019",97.9,1.26,321.010162601626,2161675,49
"MAG020",100,0.2,315.336583101207,2346727,56
"MAG021",83.13,0.18,281.984529437043,2407498,28
"MAG022",91.75,0.59,270.242937853107,1142692,27
"MAG023",76.28,0.07,316.49268738574,2394749,43
"MAG024",88.8,0.27,306.901285930408,2811529,42
"MAG025",99.88,0.06,345.857952398942,3141945,49
"MAG026",98.93,0.46,321.628246753247,1958372,41
"MAG027",98.75,0.67,318.208333333333,2083059,42
"MAG028",96.21,0.04,331.200192492782,2390640,46
"MAG029",98.86,0.24,329.970455683525,2339302,54
"MAG030",95.35,0.15,310.25753949258,2281160,58
"MAG031",99.1,0.87,299.111940298507,1762864,47
"MAG032",50.1,0.4,315.394092827004,1281083,51
"MAG033",99.95,0.03,349.924031590824,3276518,53
"MAG034",73.47,1.19,324.415646853147,2597667,42
"MAG035",99.49,0.14,291.435267857143,2642237,48
"MAG036",99.24,0.08,310.99147485081,2546175,58
"MAG037",99.48,0.22,323.477300613497,2804006,49
"MAG038",100,0.14,315.009387351779,2214209,45
"MAG039",99.21,0.46,333.746728577459,2809435,51
"MAG040",61.36,0.54,298.017408123791,2049372,47
"MAG041",99.09,0.33,328.528403001072,3100903,42
"MAG042",97.2,0.28,346.440723375754,1766787,34
"MAG043",99.98,0,317.143568147014,2773871,42
"MAG044",90.02,0.03,347.566463944396,2722084,43
"MAG045",99.99,0.12,337.728053435115,3664021,49
"MAG046",95.54,1.63,289.05625,1371128,29
"MAG047",95.79,0.54,313.205326460481,1229585,27
"MAG048",91.78,4.63,274.212666666667,1403252,29
"MAG049",100,0.34,308.941479099678,1666951,41
"MAG050",99.88,0.64,325.3627739614,3381350,51
"MAG051",57.91,2.57,281.757166947723,1716884,42
"MAG052",67.19,4.23,281.644031830239,1862906,56
"MAG053",69.97,0,315.120383036936,1635170,60
"MAG054",58.09,0.81,296.307658643326,2329243,47
"MAG055",51.64,2.17,305.704711347047,1554869,43
"MAG056",99.9,0.1,329.244350282486,2313658,40
"MAG057",91.36,2.64,279.884427032321,3075118,44
"MAG058",99.97,0.01,297.7151416122,1860144,35
"MAG059",99.99,0.32,303.243029984219,1968660,48
"MAG060",100,0.11,301.906016907011,2113140,48
"MAG061",96.86,0.53,336.647240618102,2682106,48
"MAG062",97.41,0.05,317.048210735587,2178759,46
"MAG063",94.14,0.71,311.040835124348,3620652,42
"MAG064",97.46,2.19,340.570842824601,2533901,53
"MAG065",87.99,0.76,285.699398797595,2524495,42
"MAG066",99.98,0.61,332.109338061466,1978748,60
"MAG067",99.95,0.08,352.837750484809,1854295,63
"MAG068",99.99,0.02,310.684832904884,2084135,38
"MAG069",100,1.44,306.139099420419,2349293,51
"MAG070",100,1.51,321.589636305117,3408518,45
"MAG071",61.43,0.46,254.87722529159,1515244,62
"MAG072",71.27,2.15,239.223537146614,1293404,29
"MAG073",97.07,1.85,318.281944444444,2459613,51
"MAG074",96.75,2.47,290.115549828179,2327855,42
"MAG075",88.22,4.36,275.616788321168,3035394,38
"MAG076",85.82,3.88,292.544427710843,2657064,47
"MAG077",98.12,1.31,308.211111111111,2037335,40
"MAG078",100,0.23,319.014842940973,3119739,42
"MAG079",98.32,0.08,342.407975460123,2787070,48
"MAG080",99.78,0.14,312.410506741051,2342009,56
"MAG081",99.79,0.19,352.597945205479,3518062,51
"MAG082",99.53,0.43,321.447692849595,3339385,54
"MAG083",85.84,0.02,308.922566371681,2419969,57
"MAG084",77.2,0.46,319.856004901961,1777577,57
"MAG085",65.83,2.08,287.159695817491,1857468,56
"MAG086",99.9,0.22,288.482984293194,2469392,35
"MAG087",99.81,0.29,366.458117890383,2626883,53
"MAG088",96.37,1.49,355.162086818001,2930901,49
"MAG089",99.95,0.46,315.230283911672,2736910,41
"MAG090",89.89,0.04,268.510435301133,3123108,45
"MAG091",97.62,3.04,287.98717948718,1505329,27
"MAG092",91.63,0.57,272.067654639175,1443090,29
"MAG093",99.85,0.23,323.862708719852,2378008,56
"MAG094",65.33,0.43,221.436522262335,2642191,43
"MAG095",98.49,0.24,356.6,1375876,62
"MAG096",58.13,0.15,315.974178403756,1380641,54
"MAG097",99.66,0.02,303.045534150613,1793327,33
"MAG098",99.47,0.24,326.751383567476,2567905,41
"MAG099",96.59,0.86,291.985307621671,2198510,60
"MAG100",98.95,0.31,301.070007955449,2586456,44
"MAG1000",23.37,2.21,311.222413793103,641034,57
"MAG1001",22.01,2.07,199.201001430615,1057402,39
"MAG1002",28.57,3.86,225.36728579988,1374269,39
"MAG1003",13.42,0.7,250.816949152542,505389,50
"MAG1004",20.18,5.41,219.141242937853,1305638,28
"MAG1005",36.53,6.69,288.554630593132,948575,56
"MAG1006",15.37,2.15,272.728553137004,748346,43
"MAG1007",42.28,9.49,235.766123982467,2630585,44
"MAG1008",28.01,4.41,212.377177177177,1297225,60
"MAG1009",97.54,0.45,329.742845117845,2623207,48
"MAG101",99.64,0.02,296.51268861454,2964385,43
"MAG1010",17.16,3.12,237.19690805533,1062116,56
"MAG1011",32.5,5.79,247.924256951103,1841093,54
"MAG1012",72.65,7.14,236.774263904035,789192,27
"MAG1013",46.51,0.72,210.509377664109,1803768,41
"MAG1014",47.51,2.55,310.129213483146,1312101,45
"MAG1015",12.74,1.63,232.765765765766,649295,42
"MAG1016",14.95,0.27,161.684440559441,718035,36
"MAG1017",9.94,2.23,255.206744868035,618574,41
"MAG1018",36.24,9.71,267.463555555556,2076340,45
"MAG1019",25.45,5.5,223.758876961189,981465,27
"MAG102",94.38,0.12,318.172185430464,2560602,38
"MAG1020",100,0.87,307.544696969697,1365291,32
"MAG1021",90.61,0.62,287.184461152882,2010706,35
"MAG1022",29.48,4.34,292.690803765387,1441589,43
"MAG1023",6.87,3.69,271.087591240876,503089,38
"MAG1024",27.32,0.06,302.971090670171,822133,46
"MAG1025",46.83,9.63,272.834833483348,2164610,45
"MAG1026",41.42,0.13,262.45643153527,879758,25
"MAG1027",22.78,9.56,240.85172109444,1960298,51
"MAG1028",27.18,3.67,313.18373812038,1046960,41
"MAG1029",28.08,5.05,242.863188976378,928999,60
"MAG103",80.61,0.62,233.071664829107,2343194,28
"MAG1030",32.53,0.76,265.4,928917,50
"MAG1031",21.7,0.01,365.594855305466,769845,47
"MAG1032",30.72,0.85,195.899766899767,624750,27
"MAG1033",41.06,7.21,244.157407407407,1882632,54
"MAG1034",24.92,4.71,214.773476702509,1128598,36
"MAG1035",16.6,4.39,262.120058565154,611553,38
"MAG1036",22.87,2.85,192.476943346509,1125703,60
"MAG1037",47.53,0.43,250.535135135135,1323085,63
"MAG1038",59.5,8.21,228.230409356725,2191315,60
"MAG1039",36.4,0.37,253.641114982578,755634,27
"MAG104",99.83,0.22,302.024660912454,1678269,39
"MAG1040",18.32,5.05,266.40701754386,778886,39
"MAG1041",13.67,3.97,278.687065368567,752462,39
"MAG1042",25.47,5.85,279.381004366812,933166,58
"MAG1043",10.07,6.24,268.03690685413,555248,56
"MAG1044",15.67,0.79,246.926735218509,669830,47
"MAG1045",17.39,2.81,206.710182767624,610234,42
"MAG1046",16.82,0.01,283.352720450281,539073,55
"MAG1047",81.67,1.22,266.561071428571,2652433,48
"MAG1048",32.04,1.13,292.958529688973,1118645,41
"MAG1049",10.19,0.91,284.940620782726,744441,42
"MAG105",99.98,0.07,347.391965916007,3860861,45
"MAG1050",99.77,0.13,335.170338316286,3091908,49
"MAG1051",88.97,0.52,303.719910846954,2821853,44
"MAG1052",50.14,0.19,322.128805620609,1380831,46
"MAG1053",99.98,0.81,311.949413735343,3200164,39
"MAG1054",17,0.01,367.542857142857,565082,48
"MAG1055",16.51,0.72,253.03634085213,757470,62
"MAG1056",16.42,0.52,263.711001642036,565232,45
"MAG1057",30.62,5.86,212.63211125158,1271575,60
"MAG1058",97.4,0.85,312.117742987606,3243165,44
"MAG1059",18.58,1.1,232.307135470527,778228,38
"MAG106",99.8,0.78,307.002111932418,2913682,45
"MAG1060",14.56,0.21,169.32392996109,678274,57
"MAG1061",37.35,8.69,199.290220820189,727466,28
"MAG1062",100,1.53,325.153643083421,2037046,48
"MAG1063",99.03,1.22,296.108202443281,2869733,42
"MAG1064",39.6,1.01,310.288903061225,1709990,45
"MAG107",91.85,0,303.092535259718,3009525,41
"MAG108",96.79,0.01,320.389990982867,2444141,50
"MAG109",80.67,0.09,328.26707234618,1710061,55
"MAG110",99.75,0.32,353.08718672785,3418627,47
"MAG111",66.96,2.74,249.32480620155,2354368,61
"MAG112",84.52,4.53,226.762313314268,2556604,42
"MAG113",73.97,1.09,301.329613095238,1394474,39
"MAG114",70.85,1.09,275.13134765625,1984244,45
"MAG115",67.38,1.96,297.472282845919,2430584,48
"MAG116",99.83,0,322.573763955343,2671184,43
"MAG117",70.5,2.32,295.201219512195,1945181,42
"MAG118",99.36,0,307.799714557564,2236868,53
"MAG119",98.41,0.93,256.711992445704,1883271,28
"MAG120",93.2,2.83,311.346816976127,1599274,27
"MAG121",98.76,1.47,314.628593628594,1432233,29
"MAG122",58.3,1.2,330.221869040051,1814171,46
"MAG123",100,1.22,295.289842753931,2402509,53
"MAG124",76,4.4,320.95499549955,1228098,59
"MAG125",67.39,1.92,273.39336201598,1658743,56
"MAG126",98.87,3.55,293.509230769231,1913657,34
"MAG127",99.95,0.93,320.74215354901,2308996,41
"MAG128",84.63,0.07,293.846975088968,2286423,46
"MAG129",99.04,0.06,303.119947848761,783165,45
"MAG130",100,0.41,340.738223938224,2994150,42
"MAG131",56.51,3.04,280.581049334377,1281156,50
"MAG132",96.66,1.67,303.475301866081,1847208,41
"MAG133",99.92,0.77,311.09448441247,2319176,59
"MAG134",97.75,0.33,317.524836349634,2869139,45
"MAG135",99.66,0.27,313.317594983401,2937997,44
"MAG136",74.73,1.25,348.780709736124,2647252,44
"MAG137",97.69,0.77,318.134894613583,2307805,60
"MAG138",89.68,0.15,285.731137974156,2404891,60
"MAG139",91.89,1.83,258.374441132638,2491274,28
"MAG140",55.01,0.15,256.216754540129,1552278,58
"MAG141",94.55,0.89,295.995158450704,2345977,46
"MAG142",97.6,2.72,293.723197781885,2219173,44
"MAG143",88.99,3.87,241.21287593985,1785029,41
"MAG144",99.98,0.1,294.93544973545,1899222,38
"MAG145",98.78,0.45,312.183359830419,1952031,36
"MAG146",60.69,2.46,181.828047382499,1733150,38
"MAG147",99.57,3.2,300.405058512646,2773369,30
"MAG148",92.9,1.43,283.68956043956,1048598,29
"MAG149",99.94,0.25,303.838101034693,1785474,30
"MAG150",84.85,0.05,342.941767068273,2341988,44
"MAG151",97.34,0.28,357.004888647474,2193256,47
"MAG152",95.88,0.48,279.867160493827,1901111,38
"MAG153",99.86,0.24,339.101023440079,3507513,47
"MAG154",99.77,1.33,300.579615760339,3073855,43
"MAG155",81.34,0.15,303.908517350158,2338040,46
"MAG156",100,0.02,296.173447537473,1906414,45
"MAG157",88.87,0.14,304.377926421405,2538122,59
"MAG158",100,0.08,312.6441511966,4785117,51
"MAG159",99.61,3.18,321.969986807388,3414605,46
"MAG160",99.75,0.23,295.823560209424,2246005,52
"MAG161",67.73,0.56,324.032223415682,1024466,42
"MAG162",99.5,0.17,321.839191141069,2317263,58
"MAG163",92.55,0.7,303.400902934537,2341034,60
"MAG164",90.86,0.06,331.598704268293,3044723,48
"MAG165",96.09,0.4,310.771495327103,2350593,50
"MAG166",81,0.14,311.247602932882,1938656,60
"MAG167",86.02,0.06,317.875875486381,2766926,47
"MAG168",91.56,1.01,314.846961740435,2904298,45
"MAG169",91.66,2.14,298.076825127334,2356467,50
"MAG170",92.02,0.56,344.795338674436,1597063,42
"MAG171",83.2,0.06,288.720288115246,2465565,42
"MAG172",56.36,0.07,324.028148148148,1525800,46
"MAG173",99.99,1.01,304.772218769422,3412151,41
"MAG174",95.76,0.28,326.377458396369,1490057,66
"MAG175",98.34,0.69,331.091573307355,2250308,40
"MAG176",99.87,0.35,309.699733688415,1565106,27
"MAG177",96.22,0.93,293.75468164794,2187137,50
"MAG178",97.97,1.3,329.173602853746,1908212,29
"MAG179",90.15,3.83,279.570418385386,1609858,26
"MAG180",100,0.19,305.200308761096,2831444,37
"MAG181",100,0.87,320.26193160466,2847205,44
"MAG182",99.93,0.05,312.735822959889,3076609,42
"MAG183",99.03,0.48,336.11306950449,3467551,47
"MAG184",79.14,0.89,278.400934579439,2102613,53
"MAG185",99.96,0.65,323.667726550079,2747626,39
"MAG186",98.72,0.04,318.911640953717,1629970,30
"MAG187",88.61,0.19,367.970891177788,2808842,50
"MAG188",98.17,2.39,304.547856430708,2130096,56
"MAG189",99.98,0.08,344.109224237746,3062989,46
"MAG190",91.67,1.08,317.782466202376,2575319,45
"MAG191",98.26,3.82,287.453746770026,1885145,35
"MAG192",99.62,0.16,315.707720588235,2423080,58
"MAG193",51.67,3.38,334.350194552529,1431214,50
"MAG194",99.97,0.05,308.36,2453417,60
"MAG195",97.04,0.13,308.872666943177,2556008,42
"MAG196",94.92,0.06,316.248216297409,2882975,43
"MAG197",100,3.13,290.672055427252,1716635,28
"MAG198",100,2.81,275.534424379233,1685520,27
"MAG199",98.37,0.31,305.346617238184,3356941,43
"MAG200",89.15,1.18,291.778092540132,1025244,28
"MAG201",94.85,4.5,251.062271062271,1170263,27
"MAG202",99.9,0.18,299.623107971746,2084668,47
"MAG203",85.81,0.23,296.492003762935,2151367,46
"MAG204",73.85,0.99,304.389364303178,1773331,58
"MAG205",58.1,3.39,262.059456398641,1670278,57
"MAG206",99.77,2.25,321.155837811431,2331804,60
"MAG207",82.2,0.07,310.697685403873,2246476,43
"MAG208",85.71,2.05,290.450084602369,1828112,41
"MAG209",82.65,0.17,257.676758682102,1022357,30
"MAG210",80.83,2.74,278.332541567696,2891007,45
"MAG211",85,0.06,333.510526315789,1529917,61
"MAG212",58.4,0.67,243.045808966862,930767,26
"MAG213",60.02,1.04,258.006302521008,2210490,43
"MAG214",99.67,4.66,314.213081591369,3169607,43
"MAG215",78.46,0.77,226.281460475009,2348382,60
"MAG216",99.77,0.11,296.79410624273,2652032,41
"MAG217",88.27,0.67,296.301849665486,2606333,43
"MAG218",99.93,0.48,327.993421052632,1857833,66
"MAG219",69.32,0.2,311.040305767894,1555510,65
"MAG220",81.32,3.09,276.28125,1381475,27
"MAG221",66.02,0.16,300.264754098361,1261423,39
"MAG222",56.97,1.21,223.852972972973,737962,29
"MAG223",100,1.6,317.152019002375,1811262,26
"MAG224",99.48,0.06,361.0764,3183007,53
"MAG225",92.06,0.13,361.252165543792,2478028,52
"MAG226",94.32,2.01,314.787152444871,2330860,62
"MAG227",96.35,1.86,263.799195318215,2461170,46
"MAG228",82.44,0.25,299.991017964072,1758600,59
"MAG229",88,1.24,307.592128801431,2436803,59
"MAG230",99.91,0.06,324.309987029831,3586930,48
"MAG231",54.36,0.3,309.091875474563,1399093,58
"MAG232",51.58,4.76,182.36375960235,1501314,42
"MAG233",99.8,0,296.304635761589,1708706,39
"MAG234",99.97,0.38,308.23619047619,2243160,50
"MAG235",96.23,1.97,300.454298642534,2295774,56
"MAG236",76.56,0.85,266.951858622791,1538345,47
"MAG237",96.28,0.36,303.182429592266,2553507,58
"MAG238",99.37,0.25,330.77729528536,1843082,58
"MAG239",98.72,4.03,296.429756097561,2012359,38
"MAG240",51.74,4.64,301.23536036036,1853017,44
"MAG241",83.76,0.14,291.698734177215,1950554,41
"MAG242",99.97,0.31,362.998510131108,4188865,50
"MAG243",100,0.52,357.808114035088,2256217,57
"MAG244",97.98,0.66,298.764804703906,2407823,38
"MAG245",99.99,0.13,303.498348277489,2280244,34
"MAG246",97.62,0.91,298.101334294987,2895483,46
"MAG247",90.05,0.73,314.129119394922,2056398,61
"MAG248",86.8,1.34,292.717079530639,1522022,43
"MAG249",83.56,2.08,212.739946380697,1192040,27
"MAG250",99.79,0.55,349.911927675707,4154556,51
"MAG251",99.15,0.06,340.755308392315,2308057,69
"MAG252",97.94,2.33,315.392857142857,3422932,45
"MAG253",68.76,0.18,312.93740685544,1484678,57
"MAG254",57.09,2.1,239.700621712099,1816102,58
"MAG255",82.68,1.29,273.036082474227,2106109,61
"MAG256",74.94,0.31,271.352868345027,2305143,41
"MAG257",99.87,0.01,353.142690513219,3132394,50
"MAG258",97.89,0.36,320.551912568306,3038350,48
"MAG259",90.69,0.4,326.864084764341,3123413,42
"MAG260",86.37,1.28,297.758678377248,2415992,43
"MAG261",99.76,0.15,290.086016762241,2198618,43
"MAG262",75.02,1.33,246.68893129771,1860761,59
"MAG263",68.26,0.79,284.857718894009,1732263,57
"MAG264",73.41,3.21,262.676529388245,2342201,34
"MAG265",100,0.19,330.242617255356,2017225,59
"MAG266",55.17,4.39,292.162131519274,1781411,56
"MAG267",84.2,4.44,208.154729360306,1382205,29
"MAG268",96.86,1.34,289.421774193548,2501882,28
"MAG269",60.48,0.69,293.511049723757,740778,29
"MAG270",99.53,0.13,344.897214593958,3020175,51
"MAG271",100,0.31,312.922395613665,2547038,58
"MAG272",91.55,3.19,262.881974248927,2182767,41
"MAG273",99.86,0,311.136328125,2741875,59
"MAG274",100,0.05,312.962332928311,2630272,49
"MAG275",100,0.25,303.857858769932,2233023,32
"MAG276",99.95,0.59,321.004816112084,2527707,58
"MAG277",99.86,0.3,329.924045138889,2559922,51
"MAG278",93.94,4.29,279.006418485237,1495818,28
"MAG279",99.53,1.29,319.595601938129,2928199,42
"MAG280",75.78,0.03,306.223714953271,1805568,63
"MAG281",99.98,0.29,319.108018154312,3547684,43
"MAG282",100,0.79,297.933018867925,2163893,34
"MAG283",97.74,0.46,320.939210806968,3210617,50
"MAG284",100,0.2,304.000488997555,2261909,55
"MAG285",99.84,0.03,306.35535006605,2422935,53
"MAG286",84,2.61,255.292973651192,2858415,36
"MAG287",97.32,0.06,310.959830866808,2124043,47
"MAG288",100,0.04,296.22067815453,1807230,40
"MAG289",99.95,0.58,324.019321766562,2765325,49
"MAG290",99.99,0.03,312.60488033787,2428572,56
"MAG291",99.93,0.09,345.523636363636,2708804,51
"MAG292",98.35,3.58,301.17360235393,2392068,51
"MAG293",99.69,0.23,316.582625734814,3280474,43
"MAG294",99.99,1.42,294.530174009626,2729324,41
"MAG295",69.5,2.18,308.992712129099,2012495,43
"MAG296",68.69,4.38,284.675055514434,1343326,27
"MAG297",98.23,0.03,331.863773965691,2275677,55
"MAG298",99.02,0.03,301.459880239521,2695934,29
"MAG299",100,0,300.977963073258,1729381,41
"MAG300",97.32,0.2,335.514216575923,1899064,66
"MAG301",93.3,0.85,303.520645467489,2172376,43
"MAG303",49,0.28,280.807242990654,869518,43
"MAG304",46.36,1.9,189.115732368897,1174536,27
"MAG305",36.83,0.15,235.859190556492,994684,43
"MAG306",23.84,0.07,286.172905525847,548156,44
"MAG307",31.84,1.64,204.468239564428,815017,40
"MAG308",36.8,9.65,154.293223559215,1027886,27
"MAG309",22.4,0.82,194.827228749136,1015947,46
"MAG310",22.6,0.01,283.063893016345,713637,40
"MAG311",22.92,1.25,211.311487481591,1004645,40
"MAG312",25.06,0.07,250.992433795712,680964,39
"MAG313",11.73,0.87,200.864077669903,563964,60
"MAG314",13.65,0.15,296.996932515337,702124,50
"MAG315",11.79,0.06,247.010471204188,518216,45
"MAG316",12.62,0.34,308.134387351779,563434,44
"MAG317",10.43,0.01,231.888888888889,578505,50
"MAG318",11.83,0.05,219.49014084507,557559,44
"MAG319",11.07,0.12,247.647773279352,657186,52
"MAG320",26.38,3.49,241.863336475024,906521,40
"MAG321",13.18,3.19,215.111234705228,686844,45
"MAG322",37.5,5.59,210.283791691047,1382720,59
"MAG323",11.48,0.86,254.367647058824,547610,40
"MAG324",95.96,2.55,295.261473197069,2593928,46
"MAG325",67.78,0.76,271.216691804927,1919122,36
"MAG326",48.31,0.52,290.235640648012,674669,29
"MAG327",41.2,0.94,247.483636363636,948757,27
"MAG328",34.86,4.98,274.22645040549,1551106,41
"MAG329",34.88,0.95,258.399855907781,1368028,35
"MAG330",29.07,4.54,182.009915014164,521661,29
"MAG331",21.48,0.1,310.07867494824,518104,57
"MAG332",10.49,0.01,282.31013916501,506301,47
"MAG333",13.46,0.11,191.978354978355,511950,42
"MAG334",28.11,6.6,235.800976800977,1355037,44
"MAG335",38.18,8.43,221.837940896092,827486,27
"MAG336",32.3,6.27,280.204819277108,1190118,46
"MAG337",17.99,2.52,320.602076124567,952721,45
"MAG338",12.9,0.11,311.033203125,586329,40
"MAG339",14.5,2.3,251.30303030303,732182,45
"MAG340",22.23,0.17,283.691810344828,940592,41
"MAG341",11.43,0.58,223.922077922078,875303,49
"MAG342",63.47,1.26,293.429653679654,1860098,44
"MAG343",52.51,3.8,260.814660309893,1545228,43
"MAG344",30.06,4.3,209.742765273312,940505,40
"MAG345",21.64,2.61,192.548487199379,951224,61
"MAG346",20,0.07,267.198058252427,963816,47
"MAG347",12.35,0.83,238.182061579652,603044,40
"MAG348",8.95,0.3,276.624060150376,514944,47
"MAG349",12.79,0.17,288.508474576271,556312,39
"MAG350",29.54,6.58,251.398843930636,1206413,40
"MAG351",12.97,3.71,300.423337856174,797567,52
"MAG352",16.75,0.82,252.060810810811,899060,48
"MAG353",24.46,3.81,269.42176330421,1184263,43
"MAG354",26.38,0.18,269.672629695886,1053710,41
"MAG355",23.62,1.11,277.320945945946,874386,48
"MAG356",17.65,0.01,291.866171003717,562759,41
"MAG357",15.18,0.13,302.762463343108,724096,57
"MAG358",21.08,8.22,287.156045751634,1248796,60
"MAG359",34.71,0.07,284.199604743083,1005519,59
"MAG360",27.17,0.49,309.49,754952,59
"MAG361",24.92,2.61,168.692883895131,1009706,46
"MAG362",25.55,1,231.658438287154,1651548,43
"MAG363",24.66,2.98,214.248542274052,1132896,55
"MAG364",21.64,0.46,265.754037267081,725698,41
"MAG365",33.2,6.66,225.842767295597,1389205,41
"MAG366",18.41,0.09,234.141993957704,568451,56
"MAG367",35.87,7.78,136.567386831276,1084863,26
"MAG368",96.31,0.78,309.985728346457,2111355,38
"MAG369",10.29,0.25,172.290816326531,505615,48
"MAG370",24.88,7.62,254.919078242229,1688336,55
"MAG371",38.93,6.14,124.677484787018,801126,26
"MAG372",18.82,0.9,250.301435406699,750877,40
"MAG373",13.06,1,287.593632958801,536437,40
"MAG374",36.04,7.93,192.120317820658,1912905,60
"MAG375",28.11,3.14,260.562176165803,703926,46
"MAG376",13.6,0,246.768852459016,527320,46
"MAG377",31.65,7.89,235.777721774194,1720907,27
"MAG378",30.66,5.51,160.327790096083,1682720,35
"MAG379",27.42,8.6,255.827692307692,1747700,37
"MAG380",94.08,0.87,301.893759669933,2002238,38
"MAG381",88.49,0.47,249.202127659574,1350963,27
"MAG382",16.09,5.01,175.846522781775,771267,44
"MAG383",41.94,0.09,348.754269449715,1264782,46
"MAG384",38.28,3.22,258.457052797478,1158841,50
"MAG385",32.28,0.27,294.231638418079,727100,57
"MAG386",42.89,5.19,232.240025332489,1270103,42
"MAG387",21.29,0.48,241.20320855615,824197,57
"MAG388",24.01,4.33,246.611792177466,1515571,53
"MAG389",57.57,6.5,226.185946872322,961959,27
"MAG390",22.34,0.42,350.048920863309,833742,51
"MAG391",57.46,1.32,322.137677053824,1960861,51
"MAG392",23.91,0.6,310.702182284981,858245,41
"MAG393",26.96,2.43,304.152462121212,1140119,57
"MAG394",31.2,1.67,301.249093107618,880408,56
"MAG395",27.66,5.79,294.784951974386,1941423,49
"MAG396",14.98,1.22,222.299578059072,754602,42
"MAG397",19.46,0.31,221.14,596128,30
"MAG398",52.83,9.37,185.280986372485,1110718,28
"MAG399",34.82,1.36,308.260978670013,871899,58
"MAG400",92.83,5.06,267.761437908497,1392540,28
"MAG401",20.12,0.01,304.24593495935,526026,44
"MAG402",17.25,0.2,256.561403508772,624131,59
"MAG403",22.55,7.7,264.553658536585,1508063,54
"MAG404",19.29,0.64,280.680916030534,628431,48
"MAG405",31.84,7.54,299.015891701001,1787828,41
"MAG406",23.86,0.04,287.168831168831,648494,51
"MAG407",10.4,2.83,236.952325581395,712281,45
"MAG408",20.41,0.09,341.985018726592,625725,45
"MAG409",77.05,4.26,273.663105998357,2275585,44
"MAG410",61.48,1.58,273.778846153846,2255195,40
"MAG411",100,0.12,324.954326030449,2925774,42
"MAG412",38.36,2.3,227.071475843812,1211571,49
"MAG413",42.96,4.17,169.80732946299,1741060,38
"MAG414",44.85,3.5,300.265842349304,1297313,45
"MAG415",45.4,0.94,249.230496453901,732411,28
"MAG416",21.65,0.41,288.200934579439,668577,57
"MAG417",38.73,0.34,230.669962917182,651877,27
"MAG418",15.57,0,296.118393234672,516089,57
"MAG419",45.79,5.1,338.233616037008,1507594,47
"MAG420",30.59,2.35,223.009049773756,898587,62
"MAG421",38.98,0.1,332.959383753501,791603,56
"MAG422",36.13,0.07,298.030991735537,516904,27
"MAG423",44.39,4.43,308.847711927982,1425062,49
"MAG424",49.18,0.98,320.376558603491,1747604,47
"MAG425",18.16,0.03,285.378531073446,521726,53
"MAG426",32.91,7.54,320.552117263844,1369847,48
"MAG427",40.57,0.16,285.949828962372,872421,47
"MAG428",23.53,0.35,228.332992849847,759172,47
"MAG429",22.59,0.09,324.036231884058,750621,49
"MAG430",22.48,0.03,255.604569420035,535654,39
"MAG431",28.82,7.15,284.350436681223,1811819,51
"MAG432",19.13,0.03,229.061688311688,770464,42
"MAG433",29.86,1.63,264.67362924282,759066,24
"MAG434",13.55,0.3,215.77323943662,547007,43
"MAG435",18.35,7.14,284.633367662204,961601,56
"MAG436",16.85,0.25,253.5,555962,27
"MAG437",25.17,7.18,254.416449086162,675206,34
"MAG438",29.03,6.2,231.239388794567,1462583,53
"MAG439",16.75,0.31,271.96725440806,762696,45
"MAG440",12.15,0.84,246.786596119929,509122,48
"MAG441",10.77,4.28,265.76694411415,795887,49
"MAG442",11.7,0.18,249.445686900958,547922,36
"MAG443",97.55,0.41,311.345512311358,2705063,59
"MAG444",94.93,0,322.392732895245,2811087,46
"MAG445",100,0.14,322.510451505017,2591250,49
"MAG446",12.84,0.17,257.95337995338,797228,54
"MAG447",13.42,2.81,274.063829787234,1034802,48
"MAG448",41.19,0.92,305.891213389121,1030960,58
"MAG449",12.33,1.95,260.739565943239,579319,57
"MAG450",32.47,5.51,318.1961352657,1136615,44
"MAG451",15.62,4,233.058524173028,986000,49
"MAG452",11.67,0.25,140.664095972579,638715,44
"MAG453",13.77,1.63,305.739599383667,694745,59
"MAG454",19.55,0.24,236.821305841924,527421,31
"MAG455",15.75,1.47,255.6272,580318,49
"MAG456",47.4,0.62,313.777777777778,1627682,49
"MAG457",39.3,2.82,222.679797411367,1397031,41
"MAG458",37.37,0.33,264.47908121411,1106621,49
"MAG459",26.8,0.2,329.279279279279,750754,44
"MAG460",16,1.16,251.924559932942,1037663,49
"MAG461",18.96,1.86,250.328638497653,933080,33
"MAG462",14.86,1.29,255.816774193548,724321,51
"MAG463",12.04,1.37,227.874698795181,642978,41
"MAG464",40.77,7.99,213.604166666667,2596740,62
"MAG465",41.62,9.56,264.758409785933,1846985,54
"MAG466",27.81,3.92,261.337451737452,1241251,54
"MAG467",12.54,1.46,307.225099601594,535738,43
"MAG468",26.57,0.51,253.449334698055,856164,41
"MAG469",22.94,0.52,315.791748526523,551516,45
"MAG470",20.08,1.77,281.209239130435,754307,57
"MAG471",48.42,0.28,273.52649930265,1328599,38
"MAG472",23.24,0.22,301.988826815642,593366,58
"MAG473",39.47,3.33,253.327777777778,1340003,28
"MAG474",14.42,0,289.858565737052,507968,40
"MAG475",25.55,0.68,193.590966122961,1113856,44
"MAG476",24.88,5.56,245.458889669712,1214004,33
"MAG477",12.76,0.08,130.945606694561,650509,36
"MAG478",64.03,7.81,221.75641025641,951931,27
"MAG479",41.48,7.71,185.901455767077,1269474,27
"MAG480",36.07,8.48,215.027640671273,793257,28
"MAG481",22.33,0.07,292.564564564565,1018780,41
"MAG482",96.59,7.09,312.01704303366,2613699,41
"MAG483",17.47,3.58,266.907342657343,549410,56
"MAG484",23.74,0.12,281.901681759379,763831,28
"MAG485",49.92,0.11,334.866457187745,1437245,46
"MAG486",73.31,7.5,282.380925507901,1759647,57
"MAG487",46.8,4.61,199.582430806258,1270054,60
"MAG488",20.99,0.09,297.13698630137,1159193,62
"MAG489",20.53,0.04,299.822175732218,516141,49
"MAG490",20.55,0,317.657099697885,713940,45
"MAG491",18.94,0.68,284.900621118012,665641,54
"MAG492",17.42,0.02,239.775482093664,648207,44
"MAG493",18.75,0.22,242.508396946565,564040,47
"MAG494",13.57,0.21,217.185798816568,653249,50
"MAG495",17.52,3.98,307.289430894309,652539,36
"MAG496",19.83,3.56,273.86961722488,804595,43
"MAG497",24.32,1.9,165.617297908423,1122817,62
"MAG498",21.64,3.28,214.562862669246,791107,38
"MAG499",25.61,3.26,230.129898403483,1195804,58
"MAG500",17.55,0.08,286.130158730159,640904,42
"MAG501",54.65,0.39,307.90139780884,2756070,49
"MAG502",20.78,0.98,174.371957156767,691309,42
"MAG503",99.53,1.37,312.7749825297,3040769,39
"MAG504",39.81,5.92,208.93711291091,1639612,35
"MAG505",17.73,0.1,303.552875695733,556920,42
"MAG506",37.53,3.08,255.255043227666,609150,26
"MAG507",23.98,1.35,184.745283018868,658300,33
"MAG508",26.4,0.04,293.336312849162,931377,41
"MAG509",19.05,0.48,222.493062966916,760349,43
"MAG510",21.03,0.45,245.006468305304,678043,28
"MAG511",37.79,0.04,333.189066059226,1566930,49
"MAG512",20.17,0.37,325.053191489362,661115,55
"MAG513",32.8,1.03,229.904169714704,1122669,38
"MAG514",14.26,0.25,252.579638752053,547037,36
"MAG515",16.1,1.23,216.117326057299,563276,39
"MAG516",80.66,9.32,222.305003427005,1160240,26
"MAG517",11.54,0.18,296.804920913884,577802,45
"MAG518",38.66,5.76,259.460667461263,1515269,45
"MAG519",22.42,2.88,274.547244094488,762518,35
"MAG520",27.75,2.71,297.648351648352,749572,46
"MAG521",15.31,1.36,247.913461538462,612916,51
"MAG522",17.11,1.27,214.516728624535,650460,52
"MAG523",24.63,8.19,212.73700075358,1006285,46
"MAG524",94.12,0.73,309.477503628447,1465138,28
"MAG525",99.14,0.91,331.555247341655,2441014,49
"MAG526",80.61,1.5,310.886210221794,2259600,37
"MAG527",18.78,0.1,186.889896373057,547555,41
"MAG528",18.14,0,295.56155143339,606398,43
"MAG529",15.2,0.18,286.314593301435,857335,54
"MAG530",32.52,0.02,324.711038961039,675487,60
"MAG531",40.22,9.03,261.026325829836,2461509,55
"MAG532",83.16,8.08,259.926732673267,2758227,44
"MAG533",59.02,0.46,240.039752005835,2376416,36
"MAG534",19.5,2.5,280.388059701493,738878,42
"MAG535",34.37,3.16,224.516838487973,1206433,59
"MAG536",26.21,3.32,314.599726775956,772501,44
"MAG537",31.53,0.76,273.485294117647,858577,56
"MAG538",49.93,7.02,250.268153526971,1714338,55
"MAG539",41.96,1.29,250.968684759916,845613,29
"MAG540",36.11,0.01,236.378540772532,1012234,57
"MAG541",21.7,3.02,260.31469792606,1010829,47
"MAG542",12.02,0.48,285.015533980583,532068,47
"MAG543",7.9,3.45,323.138888888889,516993,48
"MAG544",14.37,0.25,311.642706131078,547262,39
"MAG545",17.82,1.65,215.176659528908,751556,45
"MAG546",46.79,8.76,151.3835202761,1413101,27
"MAG547",32.16,4.34,280.404029692471,925721,44
"MAG548",21.29,0.91,252.949297971919,1125894,42
"MAG549",27.03,7.53,184.858776443682,1218242,27
"MAG550",39.37,5.61,248.616599338964,2422633,54
"MAG551",23.96,3.61,186.033810143043,538621,27
"MAG552",7.99,4.53,306.635826771654,539416,46
"MAG553",21.55,0,302.617463617464,509599,61
"MAG554",45.16,2.88,303.113459399333,959036,58
"MAG555",14.91,0.1,283.784511784512,609054,58
"MAG556",10.7,1.97,329.486381322957,566321,50
"MAG557",10.86,0.66,306.167711598746,662431,50
"MAG558",16.53,0.3,197.581052631579,706931,60
"MAG559",33.18,0.23,317.170708955224,1168746,43
"MAG560",36.77,0.01,296.149522799576,986979,40
"MAG561",20.04,4.27,175.949347659248,899935,36
"MAG562",21.72,5.56,133.743186582809,541829,26
"MAG563",26.23,2.11,175.54892601432,604560,27
"MAG564",30.11,0.17,321.790909090909,834256,43
"MAG565",8.67,0,214.39674796748,500634,54
"MAG566",11.86,0.04,253.253799392097,586714,43
"MAG567",20.12,0.23,299.233283803863,669302,36
"MAG568",22.11,0.57,210.2725,589244,31
"MAG569",21,0.26,258.527131782946,590393,49
"MAG570",59.56,8.36,268.497677119628,1599984,41
"MAG571",15.36,1.12,194.542084942085,948587,28
"MAG572",10.15,4.13,312.523489932886,649269,42
"MAG573",14.72,1.6,249.72602739726,630244,33
"MAG574",99.93,0.21,343.290995607613,3270014,47
"MAG575",99.95,0.15,325.601295430011,3054445,38
"MAG576",82.08,0.31,340.37148217636,2600717,54
"MAG577",13.99,0.14,245.527821939587,526203,44
"MAG578",35,0.86,253.812222222222,785886,43
"MAG579",21.01,3.35,319.922365988909,610803,58
"MAG580",27.13,0.58,280.304806565064,848169,38
"MAG581",17.33,3.22,241.832605531295,585107,42
"MAG582",37.18,9.46,274.056007659167,2065728,56
"MAG583",52.17,0.37,342.696210661529,1840075,46
"MAG584",39.45,1.46,288.478403755869,2171719,56
"MAG585",16.47,0.07,216.426861702128,587482,43
"MAG586",13.93,0.36,241.734899328859,532635,58
"MAG587",13.41,2.39,331.550458715596,505633,46
"MAG588",26.29,8.41,296.206106870229,667642,43
"MAG589",9.86,1.93,289.380761523046,508155,49
"MAG590",10.18,2.2,300.512295081967,505331,51
"MAG591",80.08,0.69,318.285034013605,1549366,51
"MAG592",43.12,3.27,315.262155059133,1716682,42
"MAG593",14.3,1.19,256.161687170475,525012,50
"MAG594",0.02,2.01,275.531295487627,648639,40
"MAG595",24.18,0.03,254.427385892116,673018,59
"MAG596",10.86,0.01,173.994614003591,759677,60
"MAG597",13.38,3.52,279.953358208955,520304,40
"MAG598",75.94,4.44,293.104429093864,2610292,54
"MAG599",97.21,2.53,323.041536863967,2083878,41
"MAG600",71.89,0.23,306.588574171867,2143850,41
"MAG601",60.72,1.12,218.377659574468,754561,27
"MAG602",47.35,0.9,224.216682646213,1660592,46
"MAG603",25.25,0.7,242.613407821229,792389,57
"MAG604",48.22,1.29,277.736784140969,1783060,50
"MAG605",18.42,0.53,215.211926605505,826125,49
"MAG606",52.67,7.9,221.197516262567,1446409,42
"MAG607",27.7,0.56,277.022429906542,516753,27
"MAG608",39.33,3.68,317.947036569987,1753075,46
"MAG609",26.92,0.14,247.062227074236,777393,48
"MAG610",15.69,1.22,282.059936908517,647429,56
"MAG611",13.56,0.13,228.541401273885,521396,60
"MAG612",10.43,1.5,271.750922509225,552338,37
"MAG613",18.59,1.37,273.377811094453,594413,29
"MAG614",35.25,8.83,247.933202357564,1352478,46
"MAG615",17.52,0.1,298.985994397759,744669,47
"MAG616",27.19,7.9,215.06275579809,571457,29
"MAG617",18.08,1.35,214.379821958457,516915,35
"MAG618",33.04,1.62,300.242194891202,1084647,57
"MAG619",17.57,4.27,240.292655367232,728144,44
"MAG620",12.53,2.62,223.328358208955,536636,46
"MAG621",99.93,0.52,323.435014548982,2272236,39
"MAG622",97.92,4.02,349.353510895884,3447206,52
"MAG623",13.21,0.13,179.734434561626,554822,28
"MAG624",35.83,9.17,273.926435877262,2445747,55
"MAG625",15.16,4.14,260.648122392211,665888,41
"MAG626",38.34,8.42,278.788118811881,1470308,61
"MAG627",20.28,0.46,274.100358422939,580454,33
"MAG628",19.42,1.2,280.624808575804,683550,29
"MAG629",21.53,1.39,265.666666666667,912638,48
"MAG630",98.89,0.06,321.367590454196,2864363,49
"MAG631",62.66,5.48,254.190151145783,1829402,45
"MAG632",36.32,7.63,287.210107627515,2141797,55
"MAG633",27.24,0.62,234.772184300341,1001797,56
"MAG634",18.34,1.31,199.201017811705,896075,53
"MAG635",31.29,0.58,269.709375,922237,48
"MAG636",20.35,0.17,295.09756097561,510525,57
"MAG637",18.21,0,294.604417670683,519497,50
"MAG638",10.58,0,223.155455904335,537727,46
"MAG639",14.56,0.4,280.734525447043,728998,42
"MAG640",13.38,1.79,253.076133447391,1098759,59
"MAG641",14.91,0.14,147.298031865042,619737,29
"MAG642",20.17,0.02,225.883004926108,705930,50
"MAG643",26.08,4.21,344.873969375736,1011365,45
"MAG644",19.67,3.06,231.736705577173,657682,60
"MAG645",13.85,0.62,215.087956698241,602936,62
"MAG646",99.74,0.17,342.840711312902,3313542,50
"MAG647",96.37,8,300.917716535433,2657572,57
"MAG648",64.37,6.28,275.566502463054,1588026,50
"MAG649",83.21,2.02,276.3349609375,2938895,45
"MAG650",43.11,0.72,285.206766917293,795573,29
"MAG651",42.66,0.38,219.732788798133,706476,27
"MAG652",24.55,2.35,192.648168701443,614951,33
"MAG653",8.79,0.89,301.207156308851,544799,44
"MAG654",11.5,0.56,211.700488997555,624106,42
"MAG655",31.14,0.08,271.366183574879,1025219,26
"MAG656",24.29,5.19,307.82912332838,724415,41
"MAG657",34.41,5.07,219.027659574468,1887210,45
"MAG658",12.99,0.42,202.605015673981,709765,39
"MAG659",22.17,3.29,318.124807395994,713045,46
"MAG660",19.26,0.58,297.407843137255,528539,44
"MAG661",99.99,0.04,295.429386112043,3201828,28
"MAG662",16.45,0.01,285.632947976879,703869,41
"MAG663",22.69,2.9,267.051359516616,945769,57
"MAG664",61.74,2.13,303.511587485516,1791426,45
"MAG665",49.2,3.08,127.5368956743,886007,26
"MAG666",46.1,9.97,235.633966891478,1343166,42
"MAG667",18.08,0.33,242.90749306198,938971,40
"MAG668",21.94,0,283.208443271768,752313,47
"MAG669",35.5,1.13,237.523459061638,968117,42
"MAG670",51.46,9.82,217.093721286371,2627713,40
"MAG671",27.33,3.62,197.905037159372,908828,41
"MAG672",13.76,0.3,212.125123152709,809035,27
"MAG673",21.1,0.12,205.41265060241,507036,28
"MAG674",18.04,4.92,269.95928030303,997429,34
"MAG675",11.77,1.18,252.523381294964,502514,35
"MAG676",31.22,2.71,201.503886010363,603682,27
"MAG677",44.25,5.85,243.888957433683,1445123,56
"MAG678",20.98,0.73,228.526033690658,1087376,54
"MAG679",25.52,6.72,240.245152354571,1270003,42
"MAG680",57.33,7.98,184.526999711233,2468204,28
"MAG681",10.29,4.19,260.993650793651,595196,36
"MAG682",32.68,3.81,223.939518900344,1232323,58
"MAG683",9.3,0.01,287.446927374302,523319,50
"MAG684",43.11,3.9,236.313895781638,1353916,36
"MAG685",44.73,0.22,232.394072447859,769518,29
"MAG686",34.81,3.14,161.337020648968,1560632,48
"MAG687",19.73,1.28,192.327718223583,917112,35
"MAG688",14.78,4.18,223.662460567823,532451,36
"MAG689",22.82,0.02,279.776119402985,520551,32
"MAG690",22.31,0.63,264.996685082873,901922,25
"MAG691",20.87,0.09,250.198296836983,727658,56
"MAG692",55.47,3.48,257.777909738717,1469694,49
"MAG693",19.15,4.56,250.433530906012,1034898,42
"MAG694",18.64,5.76,218.129441624365,633404,60
"MAG695",23.9,4.06,228.662107803701,1012137,54
"MAG696",20.76,3.29,277.762808349146,1028102,45
"MAG697",14.67,0.87,207.914119359534,509545,33
"MAG698",12.87,2.81,294.247422680412,559991,38
"MAG699",38.03,9.42,202.638334778838,1722840,27
"MAG700",83.17,1.78,314.414171656687,2138609,42
"MAG701",20.27,0.07,321.730769230769,604677,42
"MAG702",25.59,4.25,305.980366492147,824035,41
"MAG703",23.4,1.79,309.983425414365,586767,59
"MAG704",71.94,2.37,204.93674939952,960376,27
"MAG705",30,0,257.178762414057,1174632,45
"MAG706",19.33,0.14,309.602540834846,607600,41
"MAG707",20.74,0.66,232.200573065903,593328,34
"MAG708",19.65,0.05,267.597035040431,723144,41
"MAG709",20.18,0.51,237.631168831169,657875,38
"MAG710",24.78,0.79,334.081339712919,718465,52
"MAG711",12.4,0.2,246.954939341421,513696,44
"MAG712",17.17,0.06,243.834821428571,600920,29
"MAG713",11.47,0.92,319.506876227898,530632,41
"MAG714",32.96,8.87,291.046021093001,2055401,43
"MAG715",18.71,4.37,265.972582972583,653541,43
"MAG716",11.67,1.41,310.496981891348,544016,56
"MAG717",86.9,3.05,295.757507507508,2772761,51
"MAG718",31.44,8.56,195.041617122473,1218275,41
"MAG719",26.96,3.37,299.351569506726,1140075,33
"MAG720",27.48,3.52,191.9808,1367946,58
"MAG721",54.59,1.56,224.227813852814,1472756,39
"MAG722",97.68,1.09,310.707234363225,2759266,47
"MAG723",63.58,1.18,281.517741935484,1788263,43
"MAG724",20.89,2.03,230.667553191489,1284142,60
"MAG725",35.79,1.17,136.620360551432,1513745,37
"MAG726",13.21,0.24,223.619246861925,567862,50
"MAG727",15.98,0.15,188.91784338896,555796,42
"MAG728",36.77,0.38,328.319901315789,1363821,47
"MAG729",31.18,3.53,244.206370272064,1350358,41
"MAG730",17.51,0,277.534635879218,555271,53
"MAG731",25.38,0.02,307.227112676056,629730,59
"MAG732",13.93,0.07,234.289424860853,521448,33
"MAG733",14,0.27,192.198443579767,526105,38
"MAG734",11.7,0.69,228.3828125,524672,42
"MAG735",47.5,5.08,333.081681205393,1403143,47
"MAG736",11.87,2.14,283.389391979301,760922,48
"MAG737",47.44,9.18,218.94803320101,2150807,40
"MAG738",29.56,6.15,251.513529411765,1527107,54
"MAG739",24.02,4.55,229.357920792079,1678106,52
"MAG740",10.44,1.16,226.065967016492,526261,46
"MAG741",9.5,2.18,307.777777777778,546412,47
"MAG742",16.14,3.98,259.750898203593,768675,46
"MAG743",83.68,0.44,306.603416717511,1768005,50
"MAG744",19.8,8.26,285.612903225806,734560,45
"MAG745",15.06,4.1,265.619565217391,745578,39
"MAG746",28.83,4.97,284.447777777778,929534,56
"MAG747",49.65,7.81,281.333745364648,1583515,41
"MAG748",41.14,3.41,310.988656987296,2510751,64
"MAG749",57.14,2.17,261.364879074658,1713549,41
"MAG750",18.6,0.13,276.303116147309,700044,54
"MAG751",16.2,0.01,263.364217252396,597513,52
"MAG752",79.29,0,275.730048577377,1594062,24
"MAG753",36.62,0.02,289.413533834586,831439,63
"MAG754",99.94,0.3,323.692176143651,2566421,49
"MAG755",15.69,0,241.309719934102,512185,51
"MAG756",17.03,0.14,364.91921005386,696104,46
"MAG757",12.9,2.18,247.227520435967,644273,32
"MAG758",11.24,0.33,239.428819444444,533881,38
"MAG759",10.97,0.3,249.830609212481,611650,41
"MAG760",24.03,7.11,248.154221912073,1223367,40
"MAG761",60.64,5.04,216.386303775241,906477,27
"MAG762",13.11,1.78,237.19970845481,576474,37
"MAG763",47.76,0.34,291.867001254705,1685711,55
"MAG764",15.43,2.02,224.667065868263,721055,60
"MAG765",28.78,1.16,269.955135773318,830120,59
"MAG766",11.05,0.54,246.320610687023,553414,41
"MAG767",71.25,0.2,282.467502850627,1676763,48
"MAG768",62.93,0.55,304.232919254658,1756966,65
"MAG769",84.55,1.19,314.380421806606,2915359,56
"MAG770",72.52,1.3,300.431034482759,2593018,46
"MAG771",84.15,0.18,304.108579088472,3115093,37
"MAG772",73.57,0.86,342.239390642002,2175647,49
"MAG773",68.31,5.69,332.27952167414,1577496,54
"MAG774",56.67,2.77,257.988023952096,2029200,51
"MAG775",33.81,0.09,292.052518756699,945568,40
"MAG776",50.49,4.06,198.964238845144,2243261,41
"MAG777",46.61,0.87,270.014054813774,1343062,61
"MAG778",40.91,3.09,221.906713505074,2171626,61
"MAG779",29.9,2.52,214.605688789738,1463620,61
"MAG780",28.79,0.08,297.830969267139,872449,44
"MAG781",17.68,0.23,145.973130841122,510548,27
"MAG782",23.03,0.83,229.336422613531,867066,48
"MAG783",31.48,7.47,272.346880366342,1639724,37
"MAG784",10.64,0.07,215.108834827145,591874,46
"MAG785",93.96,0.41,303.713567839196,3545964,35
"MAG786",16.95,0,303.722074468085,783545,46
"MAG787",17.44,0.15,325.388235294118,940226,46
"MAG788",18.87,0.55,262.507628294036,623008,31
"MAG789",14.91,0.11,248.470989761092,522868,34
"MAG790",13.09,0.72,206.998601398601,551232,41
"MAG791",15.06,0.89,286.996172248804,1039796,41
"MAG792",38.51,8.21,300.645569620253,1790295,45
"MAG793",35.27,5.14,225.693111931119,1341998,58
"MAG794",27.53,2.42,235.502202643172,950518,42
"MAG795",34.75,8.97,195.935853379152,643217,27
"MAG796",42.17,8.79,183.484023048717,1359351,27
"MAG797",23.65,0.57,249.430597771023,877460,45
"MAG798",17.33,2.13,261.308219178082,657499,41
"MAG799",99.95,2.07,324.036151960784,3548983,44
"MAG800",91.68,0.07,346.678519942335,2592243,59
"MAG801",98.14,1.84,332.248068669528,2660322,44
"MAG802",19.69,1.8,159.679403541473,667046,59
"MAG803",32.22,8.29,270.037262049413,2348704,41
"MAG804",27.86,2.1,194.232316227462,1087706,40
"MAG805",48.63,2.14,245.131556683587,2077541,44
"MAG806",21.11,2.03,165.21015625,792685,43
"MAG807",17.71,0.24,242.587931034483,508064,49
"MAG808",33.29,1.1,213.952287581699,1208183,61
"MAG809",41.74,2.42,274.290006531679,1437454,50
"MAG810",15.46,0,257.680728667306,947260,46
"MAG811",34.78,0.52,263.871932515337,1206732,49
"MAG812",37.54,1.28,218.857004830918,839951,29
"MAG813",21.53,0.61,239.998888888889,761453,41
"MAG814",28.2,0.04,324.33,779575,45
"MAG815",24.11,1.96,272.958185053381,1102330,46
"MAG816",14.09,0.09,209.620689655172,582573,48
"MAG817",13.37,0.53,186.935018050542,569433,47
"MAG818",12.73,0.06,249.543293718166,539645,60
"MAG819",18.04,0.61,183.446902654867,605278,27
"MAG820",30.89,8,248.557583130576,2123777,51
"MAG821",99.79,0.59,294.674324743868,3215139,41
"MAG822",99.04,0.61,317.977894736842,2069465,39
"MAG823",31.38,0.52,201.65925058548,1310257,59
"MAG824",16.1,1.35,220.682726204465,723911,28
"MAG825",23.34,0.19,303.139103554869,704326,58
"MAG826",19.29,1.9,248.087567567568,815614,42
"MAG827",10.04,0.66,313.75,507542,61
"MAG828",16.42,3.22,246.060710194731,774848,33
"MAG829",30.84,0.31,205.840992647059,832421,42
"MAG830",16.85,0.02,310.29079497908,531747,57
"MAG831",10.18,1.96,266.706779661017,546097,44
"MAG832",12.08,1.19,267.9795221843,562468,27
"MAG833",13.22,7.07,265.717255717256,887126,32
"MAG834",26.22,4.17,276.919583023083,1250520,41
"MAG835",21.61,3.93,220.503464203233,1039318,37
"MAG836",25.22,7.62,266.030009680542,979229,56
"MAG837",26.79,5.77,251.307923771314,867983,48
"MAG838",93.97,0.13,338.593137254902,2799004,51
"MAG839",28.74,5.57,253.059708737864,1868211,52
"MAG840",11.22,0.22,275.332038834951,512493,41
"MAG841",11.28,0.48,243.8352180937,532126,40
"MAG842",27.27,2.75,300.293048973144,1322349,43
"MAG843",44.28,0,321.065217391304,959256,54
"MAG844",24.9,0.98,247.325129533679,681275,51
"MAG845",30.18,2.95,213.022045028143,1719221,27
"MAG846",18.01,0.54,265.724264705882,752237,40
"MAG847",11.96,1.51,312.469902912621,558019,43
"MAG848",54.83,1.38,238.684678747941,2593997,36
"MAG849",98.98,0.71,341.859310344828,827679,24
"MAG850",41.77,0.32,301.892907801418,1443209,41
"MAG851",49.72,2.3,259.16468489893,1557074,36
"MAG852",39,2.7,264.594153052451,1114718,57
"MAG853",20.87,1.04,202.695652173913,781918,38
"MAG854",32.18,2.3,277.935608999224,1301095,57
"MAG855",23.38,5.28,155.96400719856,1022694,37
"MAG856",21.85,0.34,285.148055207026,797730,53
"MAG857",10.01,1.42,187.079383886256,587649,32
"MAG858",17.16,2.88,206.320474777448,507750,43
"MAG859",19.1,3.32,213.84668989547,933768,57
"MAG860",16.38,0.18,216.813988095238,525435,46
"MAG861",94.03,0.18,350.819875776398,3058914,45
"MAG862",37.22,8.14,291.188918205805,1955161,45
"MAG863",34.56,6.51,225.243162393162,1954954,57
"MAG864",82.79,2.11,221.298212956069,2113152,32
"MAG865",58.22,0.16,315.414354066986,1134019,30
"MAG866",95.2,1.09,293.185792349727,2275909,28
"MAG867",39.48,1.25,260.965367965368,663326,27
"MAG868",43.03,0,300.288343558282,1558769,49
"MAG869",50.58,7.2,180.187462686567,1110883,33
"MAG870",23.95,3.4,295.344680851064,973422,48
"MAG871",42.83,2.22,264.976477337923,1666440,37
"MAG872",32.87,3,171.083582089552,689528,29
"MAG873",13.23,0.52,204.72349726776,674975,50
"MAG874",28.64,1.67,262.821215733015,761289,45
"MAG875",18.77,1.23,269.936170212766,615541,29
"MAG876",99.87,0.09,356.947664207938,3635468,51
"MAG877",39.26,8.69,222.153126169974,2117934,38
"MAG878",55.66,5.4,206.776375112714,862556,26
"MAG879",25.19,2.65,289.304464285714,1145174,41
"MAG880",19.83,2.36,168.074852817494,818355,28
"MAG881",14.42,0.67,192.788801571709,728391,60
"MAG882",10.81,0.38,270.795660036166,526844,33
"MAG883",28.38,6.3,191.377185678601,822722,34
"MAG884",16.03,0.99,201.342541436464,513562,33
"MAG885",97.95,0.11,347.53697438376,2522301,53
"MAG886",93.34,0.61,302.758649437266,2467915,44
"MAG887",54.35,9.66,313.439337252806,2043068,43
"MAG888",16.02,0.99,215.947813822285,556712,42
"MAG889",25.03,0.26,308.181259600614,707124,46
"MAG890",83.7,0.5,268.625089094797,2739197,53
"MAG891",90.19,0.26,269.681172698122,2052463,44
"MAG892",42.93,2.75,211.959566787004,1092324,36
"MAG893",19.12,1.88,238.870653685675,592530,39
"MAG894",44.59,9.76,251.389448248087,2164952,45
"MAG895",13.14,0.33,274.603361344538,571720,40
"MAG896",9.42,0.29,277.385057471264,506705,41
"MAG897",11.36,1.02,296.678955453149,680192,42
"MAG898",24.68,0.23,291.301369863014,786871,41
"MAG899",34.24,5.67,271.418118466899,1108255,41
"MAG900",15.39,0.11,267.947784810127,611956,41
"MAG901",30.55,9.86,287.449871465296,1171442,40
"MAG902",28.17,1.31,260.579420579421,924285,47
"MAG903",8.65,3.66,258.755070202808,592095,27
"MAG904",32.98,2.4,324.287573964497,912206,48
"MAG905",11.88,5.83,280.033771106942,543734,37
"MAG906",99.38,0.5,313.445189406638,3181122,45
"MAG907",85.15,0.78,324.355513307985,2246260,44
"MAG908",17.75,2.64,295.746934225195,902705,57
"MAG909",12.69,0.36,258.356140350877,539260,63
"MAG910",29.26,1.1,289.577972709552,1069518,41
"MAG911",17.43,0.17,123.610256410256,566714,26
"MAG912",23.2,5.27,267.555052790347,1238371,51
"MAG913",34.32,2.64,205.063711911357,818035,42
"MAG914",13.51,0.01,332.546218487395,552492,45
"MAG915",71.14,2.05,289.173121791881,2086175,46
"MAG916",58.48,1.57,308.654156769596,2208930,47
"MAG917",70.91,4.23,234.549045424621,2717067,38
"MAG918",27.04,0.21,292.253138075314,968058,40
"MAG919",33.51,1.9,298.728986645719,1316662,46
"MAG920",20.64,0.2,271.924932975871,716980,45
"MAG921",13.38,0.36,207.167822468793,552632,44
"MAG922",12.88,0.14,259.697345132743,513243,42
"MAG923",16.74,0.21,319.73754789272,572484,46
"MAG924",10.68,1.32,236.20813771518,564541,51
"MAG925",10.42,0.2,179.194078947368,534594,41
"MAG926",33.04,8.84,230.434819175778,1964287,41
"MAG927",38.98,6.08,234.164036346246,1799803,38
"MAG928",56.86,9.91,244.212423312883,1130233,29
"MAG929",15.24,0.18,200.933668341709,759245,58
"MAG930",23.17,4.95,238.370186335404,701913,56
"MAG931",10.79,1.09,184.422459893048,515981,33
"MAG932",24.39,5.93,245.29280155642,883581,45
"MAG933",14.27,2.48,313.639551192146,795383,62
"MAG934",20.44,0.96,197.461097461097,932300,50
"MAG935",13.67,0.59,242.601823708207,573022,49
"MAG936",17.48,1.36,222.04718875502,812125,59
"MAG937",17.17,6.06,287.758436944938,562462,44
"MAG938",15.45,0,230.628482972136,567797,49
"MAG939",34.61,0.6,269.874311926606,1058710,60
"MAG940",25.25,0.05,299.574421168688,950823,56
"MAG941",13.99,1.24,295.860495436767,799553,58
"MAG942",17.22,1.77,277.594847775176,812717,41
"MAG943",22.63,6.19,277.28678839957,893129,42
"MAG944",13.72,7.29,308.202479338843,536040,48
"MAG945",17.35,7.97,251.380747126437,595754,32
"MAG946",36.4,0.08,281.606749311295,1434479,47
"MAG947",12.04,0.36,264.236734693878,733738,57
"MAG948",13.43,0.48,262.701881331404,642234,55
"MAG949",14.59,5.15,262.079100749376,1127993,51
"MAG950",35.89,1.6,152.874423372629,1214832,27
"MAG951",20.92,0.1,315.869646182495,604969,57
"MAG952",88.71,4.51,271.836916234248,1230262,25
"MAG953",70.14,0.56,298.798092209857,2030685,52
"MAG954",62.81,1.29,292.921867555979,2220232,36
"MAG955",38.55,0.19,314.218330849478,1428204,45
"MAG956",50.31,6.31,157.998528329654,842823,28
"MAG957",39.18,1.83,207.449534161491,962348,41
"MAG958",41.61,6.81,258.292130025663,2129809,40
"MAG959",23.17,0.34,258.479643765903,703701,44
"MAG960",33.18,0.08,298.707152496626,751626,47
"MAG961",39.28,1.61,161.811846689895,549794,26
"MAG962",28.04,7.9,222.798630136986,1139312,51
"MAG963",16.26,0.02,271.10650887574,514986,41
"MAG964",24.51,9.97,275.405850091408,1596622,49
"MAG965",35.2,1.83,257.972691807542,1411334,38
"MAG966",12.48,0.08,231.175856929955,549696,41
"MAG967",35.53,6.33,231.630289532294,2266696,42
"MAG968",14.11,0.21,195.302729528536,575102,43
"MAG969",15.02,0.04,217.153324287653,573764,42
"MAG970",29.98,0.16,230.450934579439,1076053,42
"MAG971",12.93,0.83,244.938920454545,596533,44
"MAG972",34.22,6.84,270.748416810593,1647419,54
"MAG973",31.67,3.42,225.052674230146,978675,47
"MAG974",16.66,1.41,243.587088915956,691549,46
"MAG975",23.88,2.11,206.108490566038,962804,40
"MAG976",98.34,0.8,315.75807609476,2916601,42
"MAG977",33.68,5.92,267.58619047619,2047318,56
"MAG978",9.7,1.07,272.769854132901,598501,49
"MAG979",88.86,1.33,345.855918367347,3043119,52
"MAG980",89.17,1.67,300.188986232791,2407048,43
"MAG981",90.41,0.44,359.484579439252,2651361,51
"MAG982",96.38,0.29,292.101740294511,1471396,28
"MAG983",83.83,0.01,329.700867789689,2253590,39
"MAG984",80.05,5.78,311.354961832061,2020783,65
"MAG985",11.64,2.34,232.749221183801,501049,49
"MAG986",20.59,0.02,274.140287769784,513641,60
"MAG987",13.89,1.27,300.156626506024,520422,46
"MAG988",21.06,5.29,278.796523517382,948123,40
"MAG989",19.25,0.34,314.667197452229,716867,46
"MAG990",3.55,3.81,359.435523114355,545584,39
"MAG991",31.25,2.5,236.278375733855,1778584,59
"MAG992",55.48,9.21,214.944371727749,1194150,28
"MAG993",49.34,8.49,182.271186440678,1474553,28
"MAG994",58.12,7.15,193.860319448794,2367544,61
"MAG995",23.6,1.36,105.930473372781,670955,26
"MAG996",47.69,1.13,296.992028343667,1198669,53
"MAG997",34.78,0,278.539115646258,1131517,42
"MAG998",18.28,2.39,248.19,698863,45
"MAG999",26.25,0.07,249.102040816327,507262,48
"unmapped",NA,NA,NA,NA,NA
