"","J001-0h","J001-ctrl","J001-acggm","J011-0h","J011-ctrl","J011-acggm","J014-0h","J014-ctrl","J014-acggm","J016-0h","J016-ctrl","J016-acggm","J018-0h","J018-ctrl","J018-acggm","J020-0h","J020-ctrl","J020-acggm","J021-0h","J021-ctrl","J021-acggm","J022-0h","J022-ctrl","J022-acggm"
"MAG001",0.07753926,0.008833337,0.008078557,0.010732533,0.0033216674,0.003187978,0.007995119,0.0028204957,0.0019302912,0.052842014,0.018111251,0.015313957,0.0030799333,0.0010884837,0,0.090897426,0.03167048,0.029763913,0.03066614,0.00817851,0.009954595,0.0063215373,0.0013275947,0.0009810241
"MAG002",0.02682861,0.0031665948,0.0021141288,0.0039366377,0.00072611857,0,0.003255836,0.000841741,0,0,0,0,0,0,0,0.012175262,0.0042917496,0.0025067402,0.0034657698,0.00059581007,0.0006577517,0.0012930537,0,0
"MAG003",0.0633814,0.0045964485,0.0051595895,0.0055602817,0,0,0.01077241,0.0010199219,0.0007564159,0.046874125,0.0041107787,0.0028038674,0,0,0,0.08606798,0.0037012275,0.002483774,0.052204207,0.0016619156,0.002111239,0.001229363,0,0
"MAG004",0.12808892,0.017094161,0.009741743,0,0,0,0,0,0,0.01821386,0.0031062718,0.0019461112,0,0,0,0.3001466,0.048789337,0.029842833,0.0017930352,0,0,0,0,0
"MAG005",0.27230233,0.109528236,0.103511654,1.149642,0.49146092,3.8292456,0.80737424,0.59414977,3.0291193,0.09011087,0.039382935,0.25178885,0.43217897,0.3769561,1.0899892,0.39701825,0.7809935,1.0113109,0.097746715,0.09747709,0.07649908,0.30764806,0.08509333,0.05700564
"MAG006",0.07648957,0.14849165,0.09079627,0.00700373,0.024412083,0.014044987,0.023512045,0.19360575,0.04263753,0.056722835,0.4290965,0.2524579,0.049543172,0.14960387,0.061721034,0.13079362,0.47658512,0.31424248,0.06837643,0.48029023,0.25323516,0.08904478,0.25748613,0.14395134
"MAG007",0.026298271,0.00085475354,0.0010442302,0.041232917,0.0021317434,0.0009553981,0.0030589078,0,0,0.018373128,0.0017220747,0.00090904156,0.018107826,0.0013851158,0.0010493614,0.006242679,0,0,0.001978628,0,0,0.0074257283,0,0
"MAG008",0.10048621,0.004142738,0.0024209083,0.1107169,0.0047367797,0.0074803676,0.059350174,0.0039738296,0.0036135737,0.10012061,0.0063302256,0.016576845,0.055923622,0.0019487428,0.0036000386,0.04436051,0.0035998402,0.0044820993,0.087145664,0.0035031172,0.0021411912,0.07639427,0.00320748,0.002195623
"MAG009",0.008151265,0.0014545111,0.0010668779,0.041418362,0.016475324,0.008433058,0.01566872,0.0056713414,0.001411709,0.011849913,0,0,0.012495302,0.008435377,0.0008784093,0.008294419,0.00075262133,0.002694788,0.02192859,0.0029780897,0.0010915556,0.046252355,0.007467213,0.0011718669
"MAG010",0.11037365,0.012665951,0.0058747684,0.0601055,0.021732917,0.006563337,0.015979717,0.0030487196,0.000968856,0.0296473,0.0039324327,0.0024677862,0.017876783,0.0033870346,0.0010937513,0.058009937,0.011921428,0.009615795,0.025288746,0.0041306443,0.0028697997,0.0036389169,0,0
"MAG011",0.013097741,0,0,0.06724702,0.003454486,0.0023948508,0.10377059,0.0009208553,0,0.013199201,0.0014797538,0.0012001591,0.008861848,0,0,0.013717801,0.0014741946,0.0008067888,0.01959166,0,0.00085525383,0.0042835562,0,0
"MAG012",0.01605262,0,0,0.039118662,0.018194238,0.011867138,0.023435803,0.01418669,0.0062696193,0.010841121,0.0016400911,0.0010854477,0.019725723,0.011062903,0.0035235693,0.042951714,0.012636284,0.009509424,0.03224201,0.007695433,0.0062727868,0.022486953,0.0050693206,0.0018971472
"MAG013",0.0059429556,0.0014410447,0.00076337584,0.03482102,0.0046715834,0.0027853241,0.023608988,0.005918213,0.002409605,0.006317571,0.011970994,0.0048846886,0.011386219,0.006814326,0.0021847617,0.009094141,0.0038710246,0.0025174343,0.010054332,0.0046595284,0.0024680954,0.010940917,0.006958277,0.002182398
"MAG014",0.0008200191,0,0.0022396157,0.052879475,0.20935567,0.17168032,0.053815335,0.11198237,0.0880176,0.00446473,0.037891254,0.030341167,0.3042225,0.1900383,0.21155968,0.0014889495,0.0023476786,0.0010724923,0.0013101615,0.016656937,0.02151533,0.0019245307,0.01889755,0.025046272
"MAG015",0.03326471,0,0,0.018191796,0.00149716,0.0008049252,0.041841064,0.01039407,0.003687126,0.008688475,0.0008790423,0.00088876847,0.03525115,0.009025757,0.0033893308,0.008310158,0.001709248,0,0.037093375,0.0016840657,0.0010565921,0.019379418,0.0047324477,0.001194972
"MAG016",0.011953058,0,0.0015566306,0.01264049,0.007081246,0.010289744,0.03052529,0.021434603,0.024067549,0.014000924,0.005971191,0.0115389265,0.015021896,0.016549293,0.019095538,0.015965814,0.008274169,0.015807582,0.01685063,0.008603953,0.015071214,0.004993397,0.0025187535,0.0027787185
"MAG017",0,0,0,0.006886489,0.005852076,0.0041328985,0.030118676,0.03043781,0.012365886,0.0013691615,0.0011555704,0,0.047924776,0.025856664,0.014566463,0,0,0,0.0014330953,0.0024085522,0.0018934144,0.010706331,0.008246223,0.0063726883
"MAG018",0.0076890127,0.0012791767,0,0.02465484,0.004377369,0.002328104,0.07146137,0.0030660164,0.0020999894,0.042679638,0.0026732674,0.0017028721,0.0885545,0.0023156055,0.0020529705,0.05171168,0.005630211,0.0019708804,0.06335272,0.007380916,0.0045184023,0.045477513,0.004708831,0.0031478752
"MAG019",0.08264867,0.003577016,0.00473414,0.009752482,0.0014089325,0,0.2715852,0.0075010275,0.002300233,0.004808571,0,0,0.0020824617,0,0,0.0055018286,0.0014853831,0,0.0025595962,0,0,0.0010865397,0,0
"MAG020",0.007925298,0.0013271326,0.0009565366,0.02913552,0.005427075,0.010471451,0.062316477,0.021491341,0.04983615,0.012342934,0.005604437,0.023098018,0.056290157,0.019183185,0.06969909,0.061142515,0.021780191,0.048587814,0.033805702,0.012437547,0.021781059,0.021770017,0.0069276704,0.014688269
"MAG021",0.027029304,0.002339526,0.0015798359,0.23438261,0.018808026,0.012362868,0.10074479,0.008896605,0.0028476203,0.09809545,0.007384798,0.0042664544,0.046124592,0.0011388308,0.0007174498,0.035619058,0.002164831,0.001732609,0.15783344,0.012204536,0.0066937846,0.14605096,0.0035657024,0.0021915005
"MAG022",0.001374841,0,0,0,0,0,0.058844537,0.0128268115,0.005617395,0.012195407,0.002806607,0.0014130023,0,0,0,0,0,0,0.0011575411,0,0,0,0,0
"MAG023",0.008536739,0.0042020176,0.012461474,0.0211989,0.011542561,0.32039577,0.01409798,0.011117551,0.10117439,0.0015762354,0,0.03923305,0.0043515647,0.0037819513,0.09402425,0.022189036,0.037228376,0.13972442,0.00951177,0.011021341,0.053714063,0.0037209773,0.0033624251,0.0074880226
"MAG024",0.11915959,0.07848451,0.21798344,0.10047883,0.11059249,0.5157219,0.0903846,0.083574876,0.2106209,0.099039376,0.089438476,0.86076134,0.080706105,0.11571774,0.48699903,0.12195486,0.26185855,1.0618918,0.0672349,0.08767099,0.43142346,0.04412541,0.081639335,0.21980418
"MAG025",0.096514374,0,0,0.17806648,0,0.0008962669,0.15334904,0.005007411,0.0059771887,0.070166774,0,0.0016132297,0.006890516,0,0,0.62384194,0.013025543,0.01751185,0.73150575,0.0016887798,0.0018727618,0.0573597,0,0
"MAG026",0.017871225,0,0,0.014333578,0.00088017405,0,0.004442012,0,0,0.099748135,0.007818876,0.0064062607,0,0,0,0.012575616,0.0015493594,0.0009683517,0.0085203955,0,0,0.00456764,0,0
"MAG027",0.010384832,0.0008944053,0.0011455673,0,0,0,0.022862509,0.009649389,0.004898196,0.27914885,0.1592953,0.11477376,0,0,0,0,0,0,0,0,0,0,0,0
"MAG028",0.08811399,0.002460093,0.0029610414,0,0,0,0.0028585135,0,0,0.42396346,0.031149391,0.11330712,0,0,0,0.017369892,0.0035241016,0.002669963,0.058650125,0.0007444451,0,0.007961182,0,0
"MAG029",0.08925375,0.35305372,0.35574442,0.09914326,0.21342814,0.34534454,0.09110889,0.24190322,0.20832738,0.1212069,0.27377406,0.39904374,0.11519351,0.24550302,0.20009618,0.12354948,0.6497264,0.5612317,0.10098895,0.44184443,0.480431,0.124720044,0.2980315,0.45476273
"MAG030",0.017968386,0.012297291,0.00526164,0.032290157,0.09022799,0.06932934,0.012311948,0.033642046,0.01111869,0.03371475,0.11495949,0.07702954,0.0037975872,0.010533157,0.0052046096,0.006427082,0.038965322,0.026390621,0.04409334,0.19104977,0.112180606,0.01806283,0.08205516,0.039696738
"MAG031",0.0069589624,0.4000662,0.24378501,0.0036116142,0.14312582,0.10797355,0.005778842,0.27773383,0.059253436,0.005269923,0.117121354,0.053735737,0.009380295,0.16143058,0.017157005,0.008809307,0.1778095,0.08299156,0.006306834,0.26287335,0.17790334,0.015374432,0.281476,0.08857321
"MAG032",0,0,0,0,0,0,0.02831939,0.018296447,0.011894123,0.0022806497,0.0010082899,0,0.043273248,0.012719044,0.0063385754,0.004022959,0.0021915268,0.0016236283,0.0025807142,0.0009645731,0.00089973374,0.044992227,0.022170305,0.021695327
"MAG033",0.042716753,0.005123876,0.0060437634,0.027559612,0.008264456,0.013741108,0.021258805,0.003003025,0.005169903,0.06991937,0.009043745,0.03865928,0.18968157,0.048666354,0.047153354,0.022668654,0.0039896206,0.0036184825,0.029954705,0.0036619864,0.0027292962,0.08308924,0.004372842,0.0071027214
"MAG034",0,0.0019471069,0.0017492988,0.018468624,0.043926943,0.15335068,0.0029557408,0.0036236385,0.0060866675,0.0010926308,0.0012208436,0.005972551,0.019334381,0.10236773,0.67853826,0,0,0,0,0.0016324904,0.003435329,0.0057734116,0.016611738,0.00965528
"MAG035",0.0020155981,0.0021969154,0.0015159778,0.05573766,0.059175238,0.03650952,0.07709431,0.08493994,0.033081464,0.004340473,0.0067030066,0.0041535874,0.07352743,0.099175625,0.03467997,0,0,0,0.022176823,0.021864563,0.014385488,0.028661184,0.023966528,0.016752921
"MAG036",0.005140812,0.003649162,0.0024932404,0.059484307,0.31435832,0.3051256,0.029151296,0.14749615,0.15474452,0.016145252,0.032769825,0.05057236,0.09675291,0.2744669,0.23445429,0.0015282643,0.0049469504,0.009360443,0.0026681605,0.016600715,0.017364264,0.06580491,0.60017395,0.44744307
"MAG037",0.03203131,0.002276571,0.0023620215,0.041349676,0.057117667,0.03615347,0.025768414,0.016415484,0.005798403,0.029496098,0.035741337,0.06073872,0.024094831,0.7502099,0.12708743,0.029379515,0.15988074,0.05232939,0.01730468,0.11216851,0.043033667,0.02791856,0.96165264,0.13636534
"MAG038",0.008742461,0.1013145,0.21240902,0.00632476,0.03916981,0.028379915,0.0074102525,0.025463918,0.006778579,0.0032635452,0.01672767,0.05320559,0.0045396965,0.2852487,0.09076199,0,0.001329688,0,0.0035559693,0.05300026,0.055174083,0.007854936,0.25243205,0.2190659
"MAG039",0.078997165,0,0.0010436861,0.22624855,0.0011232377,0.0031476375,0.41027182,0.0016947712,0.011155925,0.20175624,0,0.0019418467,0.5580066,0.0011519104,0.004637999,0.20133941,0,0.0024487448,0.20513257,0,0.0012597955,0.4745147,0,0.0014380441
"MAG040",0.02758155,0.0068577514,0.0060961028,0.009997372,0,0,0.0148129035,0.0028881703,0.0022231461,0.036935966,0.0026280105,0.0053327545,0.0019561942,0,0,0.13799918,0.016224153,0.020333221,0.027659195,0.0018747987,0.0020144633,0.010132778,0,0.0029462506
"MAG041",0.011426343,0,0,0.003952581,0,0,0.1869519,0.011989273,0.009575106,0.020913128,0,0.0019517301,0.0016561692,0,0,1.0277017,0.0083784005,0.009730135,0.0018472435,0,0,0.0037635365,0,0
"MAG042",0.13421881,0.0061320034,0.005479374,0,0,0,0.0013511702,0,0,0.22846182,0.020188704,0.012988508,0,0,0,0.26053426,0.018502558,0.014930289,0.048533846,0.0031860706,0.002409532,0.01180433,0,0
"MAG043",0.007748233,0,0,0.0034824025,0,0,0.0156224,0.0015487463,0.0017002975,0.01569282,0,0,0.0018020106,0,0,0.15727392,0.0033177307,0.005533488,0.040131845,0,0,0,0,0
"MAG044",0.23898618,0.0018509955,0.0032559943,0.49285823,0.003176216,0.005373385,0.59948486,0.008262083,0.010608339,0.53819114,0.00430821,0.020896304,0.30670863,0.0074156183,0.012642176,0.3884096,0.016702585,0.03638554,0.30871737,0.0015353571,0.0028068877,0.2879231,0.0008867702,0.001187928
"MAG045",0.004032737,0,0,0.03235343,0.0036926563,0.013021161,0.05825298,0.006544962,0.012503943,0.011930689,0.0041396716,0.005370181,0.049091972,0.008693371,0.014451361,0.29615113,0.048454262,0.06341976,0.022419035,0.0012720792,0.002073896,0.016225072,0,0
"MAG046",0.072074674,0.0077755577,0.0059055197,0.034718696,0.0036681725,0.0029000966,0.0004723028,0,0,0,0,0,0.041326985,0.00447633,0.0031722686,0.41887653,0.062179193,0.03901086,0.003530905,0,0,0.046527974,0.0066460227,0.005948267
"MAG047",0.0022625793,0.00073103426,0.0005598668,0.0014290683,0.0012915065,0,0.01777061,0.0039509046,0.0017987803,0.0022584253,0.0011558663,0,0,0,0,0.089135185,0.032679312,0.030067129,0.009284525,0.002205556,0.001432694,0.002752554,0,0
"MAG048",0.013322699,0.0021840686,0.0013073325,0.0088621415,0.0012917378,0.0008074221,0.015067645,0.0035192112,0.002125262,0.01102987,0.0035470938,0.002995835,0.0030247695,0.0007636399,0,0.06602841,0.017635513,0.015492364,0.022016458,0.006399054,0.004136369,0.0056357617,0.0016104124,0.00074560323
"MAG049",0.020772824,0.014310024,0.0026775068,0.016457576,0.15805213,0.06635851,0.015998833,0.14478448,0.02450041,0.01115473,0.2476981,0.09053738,0.014751306,0.17569399,0.041624505,0.02667595,0.20959935,0.20110695,0.010769454,0.19752944,0.0843099,0.013315646,0.09318576,0.018915007
"MAG050",0.044862244,0.0024918194,0.0029627264,0.04464241,0.0018834,0.0033754252,0.047763716,0.0065882555,0.004681906,0.04005677,0.0013511025,0.005487539,0.029754687,0.004137553,0,0.13320808,0.07453638,0.049869146,0.042775534,0.0016758925,0.0015294956,0.04555973,0,0
"MAG051",0.006145136,0.0025303718,0.0026708744,0.023666931,0.023599803,0.028596157,0.0034273977,0.0029595178,0.0016824428,0.028183576,0.026217801,0.05524608,0.0035483772,0.0017081246,0.0023531953,0.029138302,0.033471312,0.042635407,0.006375762,0.00801391,0.010294848,0.0018919386,0.0018633534,0.0020547216
"MAG052",0.009607989,0.0006314047,0.0009778457,0.0014814909,0,0,0.0037983588,0.0007658057,0,0.015918711,0.0018226276,0.002421682,0,0,0,0.013735287,0.00317284,0.0024472773,0.034464568,0.0045520794,0.004620781,0,0,0
"MAG053",0.014864399,0.0028447271,0.0044952678,0.0702125,0.015410093,0.0061774272,0.04384617,0.014874864,0.0061596553,0.043566268,0.0077753644,0.010830655,0.052624486,0.012600393,0.0060231676,0.08912257,0.026550563,0.009217115,0.074719116,0.007846453,0.009771166,0.048996642,0.006385535,0.004079265
"MAG054",0.008608635,0,0.000977516,0.012431153,0.0017419284,0.0034965877,0.010714959,0.0014235498,0.0036582125,0.014532959,0,0.00761475,0.0026307667,0,0,0.02197683,0.0026568063,0.006074045,0.033018336,0.002809525,0.005435551,0.010657189,0,0
"MAG055",0.089538656,0.0041023744,0.0037502167,1.0045027,0.036438525,0.02056896,1.2942742,0.046610728,0.027218653,0.0736069,0.005788066,0.010666331,0.6021888,0.0196609,0.016632188,0.078225985,0.0039233733,0.0051696245,1.0167984,0.022108164,0.011038647,0.06273489,0.002791211,0.0014965112
"MAG056",0.008572493,0,0,0.023221554,0,0,0.023024654,0,0,0.017411536,0,0,0,0,0,0.1862778,0.0052936603,0.0053690523,0.53908885,0.002640856,0.002537393,0.011949844,0,0
"MAG057",0.03299011,0,0,0.009212967,0.0011588101,0,0.021029824,0.004580425,0.0026335479,0.033755638,0.0012489024,0.001725343,0.0060801385,0.0017714016,0,0.03330384,0.0013259561,0.001512413,0.05641043,0,0.001150774,0.021529587,0.00221502,0.001255555
"MAG058",0.6823579,1.315036,0.9426198,0.44464675,1.652358,0.89574605,0.2620219,0.9279347,0.30333334,0.5043661,1.2111222,0.7042297,1.174991,2.1774068,0.88568294,1.2687802,9.301357,8.4877,0.18205555,0.943703,0.5792176,1.0855767,1.6697134,0.882944
"MAG059",0.048991095,0.033443704,0.04962989,0.0021360626,0.009051718,0.0065235524,0.0028410756,0.009026127,0,0.0663269,0.06374686,0.037127264,0.011545444,0.015531347,0.0084487,0.0024618634,0.021541273,0.026939511,0.10123896,0.13266397,0.12776716,0.02043135,0.030356862,0.02065803
"MAG060",0.21969192,0.41653877,0.43866915,0.11553375,0.9130548,0.6520132,0.07463356,0.26939297,0.29044142,0.13243358,0.48054394,0.48051846,0.007849319,0.021943372,0.016483918,0.13506052,0.59960365,0.45091495,0.1085813,0.30325773,0.27041486,0.16695698,0.38981718,0.43247664
"MAG061",0.1405022,0.00081812043,0.0009914392,0.15128788,0.0046973247,0.0040254653,0.17218389,0.007723101,0.005095902,0.0612112,0,0.0013982446,0.08441251,0.0016871006,0,0.06451155,0.004183853,0.003989106,0.10852489,0.0048181973,0.0070534036,0.09981236,0.0011934872,0.0010386275
"MAG062",0.07599106,0.011904916,0.008743099,0,0,0,0.014267547,0.003704298,0.0012719509,0.025223613,0.006795922,0.007687383,0.027668895,0.006599971,0.0027453026,0.024989413,0.012959539,0.010573173,0.025282165,0.007340317,0.007912993,0.045697432,0.01405181,0.008669632
"MAG063",0.054754995,0.09980063,0.13519038,0.073303476,0.08778161,0.14621167,0.031428408,0.037816294,0.034693357,0.057484347,0.0886458,0.22857329,0.08796254,0.2872019,0.34706685,0.12474713,0.2008103,0.3467044,0.06185925,0.1421537,0.28274345,0.10808289,0.5510912,0.4735322
"MAG064",0,0.0010650362,0.0008690237,0.017656617,0.016170083,0.01168422,0.03222188,0.039321106,0.01625886,0.0022986846,0.0027591742,0.0015946571,0.06163032,0.031287756,0.02033978,0,0.0011474635,0,0.003603507,0.0045413463,0.0036064028,0.07274583,0.051640604,0.04127216
"MAG065",0.009323099,0,0,0.023933463,0.00226733,0.0034367188,0.025243152,0.0031084027,0.0020836073,0.004031759,0,0,0.03925255,0.0063156476,0.0050342763,0.0017307727,0,0,0.00318716,0,0,0.06898718,0.006443746,0.006939439
"MAG066",0.021286445,0.07779573,0.07775615,0.06356037,0.13167343,0.11963505,0.07128915,0.23128693,0.16171987,0.02443109,0.1036078,0.097546354,0.063055985,0.10630212,0.097213864,0.020283645,0.13356328,0.12418547,0.027485095,0.123195395,0.1801389,0.088033475,0.14944308,0.27494004
"MAG067",0.00085141876,0.0011039848,0.016859144,0.0009605763,0.0031289125,0.010885271,0.0009009043,0.0028909782,0.0013583077,0.023768518,0.056674182,0.15187033,0.01544358,0.034258254,0.042879254,0.0023324317,0.014506422,0.04659771,0,0.00062193617,0.0035927717,0.0185741,0.037551723,0.18454061
"MAG068",0.002134581,0.25099102,0.1601775,0,0.08957709,0.047868233,0,0.0035291507,0.00076902,0.0011029263,0.11486057,0.10679852,0,0,0,0,0.002628597,0.0018961997,0,0.0085810525,0.0068703624,0.0009766321,0.101022735,0.03451086
"MAG069",0.27964866,0.19609301,0.19398427,0.11483116,0.27463472,0.20076501,0.22071211,0.15073755,0.076426096,0.112719856,0.12805986,0.13889094,0.356176,0.9067485,0.5153252,0.033866674,0.14117649,0.16674078,0.10954943,0.26286063,0.39443627,0.40426284,0.8621714,0.41762558
"MAG070",0.0321693,0.03414444,0.110261224,0.047868066,0.09192566,0.28085232,0.036747783,0.055268228,0.09673034,0.024175448,0.013322555,0.17051424,0.04339722,0.111945584,0.2613516,0.012402023,0.026599204,0.065775804,0.012627586,0.013741477,0.06793345,0.07436466,0.09857292,0.21786545
"MAG071",0.006779136,0,0,0.034503557,0.016806716,0.01331725,0.019013712,0.009075029,0.0049381414,0.009242425,0.005603456,0.0034183303,0.012729562,0.005698791,0.0040263813,0.015764618,0.013953186,0.0075631407,0.022840258,0.009120956,0.0053037717,0.0074036876,0.0046529095,0.0021775835
"MAG072",0.008349981,0.0010388262,0.00063505676,0.044623986,0.0065530604,0.004634968,0.013927846,0.0049115024,0.0012638515,0.0047031944,0.0022367402,0.0019606391,0.003176323,0.0025826124,0,0.005698899,0.001951118,0.0012949968,0.007868563,0.0032650384,0.0017596805,0.0031930062,0.002071321,0
"MAG073",0.0074703544,0,0,0.06567015,0.003181653,0.005363615,0.027214382,0.0011147106,0.0013627763,0.010650159,0,0,0.018591626,0.0011650587,0.0033824563,0.0037181366,0,0,0.012577855,0,0,0.034523636,0.0008816447,0.0013247607
"MAG074",0.008685142,0.0011175962,0.0016979702,0.08603348,0.03691603,0.02853587,0.05553578,0.020918552,0.013608685,0.044907313,0.018379604,0.028652867,0.02845556,0.009021197,0.008425212,0.06590895,0.03445128,0.03634878,0.030408852,0.014111349,0.016400035,0.005153211,0.0025362736,0.0021076398
"MAG075",0.025172088,0.002079465,0.0037643148,0.04737018,0.0017521741,0.0030737608,0.008237192,0,0,0.01170685,0,0.0015907721,0.0012434353,0,0,0.0065895524,0,0.0017080777,0.006101978,0,0.00062148,0.0037459764,0.0016397303,0.0012095958
"MAG076",0.017973527,0,0.0006665246,0.04538611,0.020361334,0.017116599,0.019014955,0.017720312,0.007772508,0.011932116,0.004198179,0.00500044,0.006809467,0.008847667,0.0029711248,0.01712789,0.0066702943,0.0053264983,0.012383112,0.004217221,0.004056111,0.009478453,0.010070994,0.0043367627
"MAG077",0.030999502,0.0008680033,0.0009526363,0.044489264,0.0051431665,0.0032807265,0.0053533986,0,0,0.0008018574,0,0,0,0,0,0.0075328066,0.0006282659,0,0.00097520044,0,0,0.0030069894,0.00067936815,0
"MAG078",0.0050185323,0.0007520185,0.0019720988,0.10470152,0.041801583,0.39062446,0.0052881143,0.0047950074,0.038597994,0.003010043,0,0.011302124,0.0046802755,0.0051219035,0.048892826,0,0,0.0012169827,0,0,0,0.0013301275,0.0016364603,0.0065988526
"MAG079",0.117765404,0.0024210713,0.002786896,0.47610202,0.064052135,0.06315784,0.373731,0.035063144,0.0253073,0.24344996,0.049081363,0.05205238,0.24219544,0.023335826,0.017209357,0.12036197,0.042032156,0.051913105,0.19330007,0.026302986,0.032097775,0.28738835,0.026604284,0.0148470765
"MAG080",0.049671132,0.0025767507,0.002039553,0.02568829,0.13398966,0.065090604,0.043868937,0.13067782,0.026586294,0.048135426,0.029998394,0.02946396,0.029190859,0.10183747,0.009931873,0.025866421,0.07981804,0.025442299,0.06104656,0.09920329,0.025390314,0.06614593,0.14718634,0.023427818
"MAG081",0,0.0007271342,0,0.033087477,0.080581136,0.049293708,0.03265599,0.021258526,0.013335817,0.0062841545,0.021091657,0.02184302,0.0071156328,0.0028747325,0.0034256265,0,0,0,0,0,0,0.00087976555,0.0011984413,0
"MAG082",0.072104506,0.02307182,0.02308965,0.05190882,0.05766165,0.0470263,0.06789352,0.061119296,0.04442981,0.04526354,0.0152509725,0.022632744,0.052484993,0.010993397,0.014107951,0.01471527,0.007554528,0.006583949,0.057583652,0.0061061904,0.0073634167,0.049367722,0.009264822,0.019825265
"MAG083",0.0048554935,0.005126469,0.0044414783,0.013489565,0.041787393,0.024240045,0.005048918,0.023795683,0.007634899,0.0008270926,0.0026781699,0.001979987,0.005686932,0.033680115,0.011492784,0.0047359085,0.026956948,0.016606266,0.0020239484,0.0076851244,0.0051019606,0.0009884264,0.006362817,0.0016419434
"MAG084",0.0016860064,0,0.0007431599,0.010023304,0.0047550574,0.0036499775,0.05118602,0.02872475,0.014234999,0,0,0,0.050636806,0.01835729,0.0135169225,0.00074082543,0.0011314128,0.0007388191,0,0,0,0.04328463,0.022304919,0.013822248
"MAG085",0.012876334,0,0,0.012060665,0,0,0.057229504,0.0038922413,0.0020125129,0.009306447,0.0008338598,0,0,0,0,0.04377708,0.0012341688,0.001433517,0.0067488463,0,0,0.0009310968,0,0
"MAG086",0.038949717,0.0030814034,0.0027593414,0.32215652,0.030425593,0.017858338,0.14002852,0.011976104,0.0045011984,0.075125955,0.008575613,0.0055774124,0.07165223,0.0033592482,0.0022617965,0.044992816,0.0034976439,0.0022178886,0.21426515,0.016748974,0.012247969,0.21787137,0.007813631,0.0063351644
"MAG087",0.79768795,0.00081493857,0.0007240222,1.4956546,0.0012097515,0,1.00831,0.0031389801,0.0010365236,0.0052217552,0,0,0.017800782,0,0,0.25492227,0,0.0005705755,1.3784778,0.00087091216,0.00047933648,0.1920032,0,0
"MAG088",0.015560505,0,0,0.01823246,0.00093119394,0,0.06001546,0,0,0.008262879,0,0,0.02273528,0,0,0.025045564,0.0018716065,0.0014930634,0.04217647,0,0.00068291207,0.021534644,0,0
"MAG089",0.0120439995,0.01575151,0.025793198,0.047071658,0.018216819,0.019033311,0.07504619,0.041885566,0.018329667,0.0138463145,0.003826706,0.006813285,0.024155306,0.01567248,0.012685901,0.0027309805,0,0,0.005463074,0.0015561084,0.002188878,0.05273295,0.015833339,0.016739203
"MAG090",0.030117897,0,0.0011724533,0.034556136,0.0049006063,0.006622211,0.04693671,0.0057874136,0.0053728903,0.07265055,0.0070949197,0.016233051,0.02358234,0.004171108,0.0049074753,0.06634803,0.009775294,0.014246298,0.073427804,0.005702391,0.009865653,0.018674413,0.0055846875,0.005579081
"MAG091",0.0019264482,0,0,0.0038612506,0,0,0.07642623,0.0029078568,0.0013693229,0.0056402166,0,0,0.005315038,0,0,0.0074220356,0.00084706355,0.000806885,0.0010381071,0,0,0.00087728386,0,0
"MAG092",0.03420591,0.006134423,0.0051859445,0.0017817288,0,0,0.07508278,0.030314669,0.011017398,0.038486622,0.015164028,0.012215537,0.03865341,0.013010333,0.0062450245,0.022464557,0.009769319,0.006425015,0.02451177,0.009938626,0.006995188,0.011680802,0.0040385225,0.0036655962
"MAG093",0.0056307525,0.21510185,0.14638264,0.0132516185,0.048804596,0.018106159,0.09820285,2.001693,0.987337,0.019729039,0.37231824,0.1378814,0.09731697,0.851811,0.6348419,0.009803962,0.030585216,0.008578275,0.01866992,0.1988357,0.09730556,0.06214414,0.48214746,0.45589456
"MAG094",0.044481836,0.0023629596,0.001836541,0.22633433,0.0075957146,0.005476694,0.38700557,0.017786117,0.015004558,0.033671115,0.0023312054,0.0051382002,0.15128864,0.0050795726,0.0062803365,0.043176167,0.0019333719,0.002807303,0.26357827,0.007293312,0.0051655043,0.018108899,0,0
"MAG095",0.02812964,0.03384328,0.036543094,0.028412106,0.12301049,0.068627685,0.041873846,0.14797437,0.055977542,0.028333059,0.0956467,0.08092147,0.043042414,0.08654141,0.030499164,0.031639554,0.15197814,0.109300666,0.029755382,0.1196625,0.08598448,0.04124876,0.11796132,0.043308474
"MAG096",0,0,0,0.00056866556,0.013498842,0.013385488,0.0026398683,0.052202165,0.030159926,0,0,0,0.0017104151,0.008231942,0.0032543205,0,0,0,0,0,0,0.000550574,0.044365432,0.06623428
"MAG097",0.0038673952,0.030398184,0.03139664,0.00088164385,0.009701526,0.007864931,0.011253316,0.0853309,0.058055732,0.06567567,0.46342322,0.566382,0.024727961,0.122762926,0.1089457,0,0,0,0.0035354125,0.02156657,0.027337857,0.0019795457,0.017397089,0.011834134
"MAG098",0,0,0,0.03238217,0.0051863682,0.0046257577,0.051853877,0.0068460447,0.00419491,0.12019717,0.039503273,0.0341137,0.12083875,0.02764231,0.022910995,0.009201004,0.0023721724,0.0024788773,0.09403876,0.018459901,0.016158134,0.118286766,0.015448667,0.011959443
"MAG099",0.016124371,0,0,0.040623233,0.019826075,0.010531145,0.044446044,0.013459601,0.0025594877,0.06277578,0.0071327277,0.0036630947,0.028649328,0.019326016,0.002896633,0.034542833,0.0028140915,0.0017929194,0.05744417,0.0052872496,0.0029555059,0.025622249,0.0019593304,0
"MAG100",0.07714459,0.0011873024,0.001832802,0.12685214,0.007007182,0.0063155238,0.17785579,0.011904238,0.009075026,0.15998836,0.008642806,0.014672293,0.110289216,0.004133432,0.004816799,0.24928418,0.011441512,0.0139251035,0.19956595,0.00406055,0.005323172,0.12581946,0.0064448365,0.0038372367
"MAG101",0.025511177,0.00076961296,0.0012320724,0,0,0,0.00505887,0,0,0.05113546,0.005007741,0.0047909576,0,0,0,0.048690725,0.0073324535,0.0073051443,0.006564925,0,0,0,0,0
"MAG102",0.058203768,0,0,0.026742343,0.0012159308,0,0.0017650439,0,0,0.09463197,0.003820913,0.0038339733,0.0013874355,0,0,0.014142833,0.000849459,0.0011075889,0.028461076,0.0009540551,0.00094254315,0.014295133,0.0014819026,0.0017235298
"MAG103",0.034143515,0.0028923866,0.0017981135,0.10763677,0.005831792,0.0045857606,0.063530445,0.0030048694,0.0020609458,0.033097707,0,0,0.008961683,0,0,0.013316668,0,0,0.06632673,0.0008275246,0.00072029926,0.07615899,0,0
"MAG104",1.5470918,3.9831915,6.484582,0.40206465,1.922687,1.4891309,0.46031657,2.0822947,1.0375271,1.1309011,3.0314183,2.548183,1.0985892,2.4613588,1.3235898,0.4042843,3.803107,5.6314754,1.1291124,4.9168677,4.743645,1.6204306,3.196417,2.4286463
"MAG105",0.2960871,0.004180684,0.016771067,0.15973334,0.007300181,0.08341923,0.22717936,0.028450644,0.6066371,0.34281847,0.011249471,0.72182053,0.1794421,0.008455672,0.21766403,0.017162694,0.002944363,0.010051947,0.057249352,0.0009025811,0.001927098,0.5173559,0.045600075,0.56087875
"MAG106",0.0017360622,0,0,0.036803294,0,0,0.003911602,0,0,0.004440173,0,0,0.13881083,0.0052578314,0.0028865063,0.0059462013,0,0,0.0015476596,0,0,0.051199272,0.0017222731,0.00086350046
"MAG107",0.024393821,0,0,0.1903624,0.0029832944,0.0017637169,0.036345027,0.00078548584,0,0.04035091,0.0011018692,0,0.06526143,0.0009832388,0,0.05098256,0.0026579609,0.0015380331,0.008999421,0,0,0.014462607,0,0
"MAG108",0,0,0,0.0019615125,0.0009703188,0.00076070445,0.017623058,0.014136755,0.007288578,0.0017141138,0.0009853347,0.0011670418,0.0855975,0.024510428,0.017451271,0.0019993845,0.0011953107,0.0012942817,0.0017316146,0.0008620632,0.0005106201,0.04249065,0.027303418,0.024750514
"MAG109",0,0,0,0.0074240738,0.003756319,0.002046845,0.01530738,0.012211376,0.0035241873,0.0019579413,0,0,0.068190694,0.03245832,0.012692602,0.011990169,0.0056874193,0.0030159699,0.011417497,0.0019047569,0.0010002344,0.026983527,0.006940532,0.0033676224
"MAG110",0.02075998,0.0013075024,0.0039948393,0.14449573,0.003122146,0.019206652,0.6185747,0.0043084132,0.023424268,0.09749294,0.0039767222,0.014585048,2.4782062,0.036279827,0.13357428,0.06502668,0.005511747,0.008965475,0.27130955,0.017607532,0.036610797,0.58960015,0.0061128614,0.017327596
"MAG111",0.016825931,0.0014708795,0.002208351,0.010432226,0.005385966,0.009918335,0.011133459,0.012405866,0.006987627,0.011342163,0.002868507,0.00592605,0.010834136,0.058151778,0.011080053,0.015874492,0.009560342,0.008745411,0.011365604,0.006721403,0.005259897,0.011070728,0.007407188,0.0032035436
"MAG112",0.022065692,0,0.0008005433,0.007650548,0,0,0.0040029837,0,0,0.015151444,0,0,0.0029997414,0,0,0.03964733,0.0020944923,0.0021160792,0.022713738,0.0010536605,0.00066887995,0.0048947874,0,0
"MAG113",0,0,0,0,0,0,0,0,0,0.0037480725,0.0009166821,0,0,0,0,0.045684673,0.0053956015,0.004802678,0.007955199,0.0014102713,0.0010305342,0,0,0
"MAG114",0.019037696,0.0006419338,0,0.018108822,0.003845303,0.0026376778,0.014203717,0.0037195394,0.0017685735,0.02187977,0.006742178,0.005494502,0.0074552693,0.0032800992,0.0016938815,0.033687957,0.010632174,0.008196395,0.0299006,0.006345749,0.0047896444,0.010947783,0.0031617396,0.0019495017
"MAG115",0.017010594,0,0.0019453656,0.01805068,0.007887972,0.011514452,0.028507968,0.02548808,0.026335077,0.020088462,0.009044755,0.017597362,0.01685927,0.0218854,0.02358992,0.035145942,0.011621777,0.022744177,0.0242933,0.012319253,0.02102442,0.0030368734,0.0035462922,0.0023908229
"MAG116",0.0033591143,0,0,0,0,0,0,0,0,0.0021656554,0,0,0,0,0,0.102779806,0.0202297,0.020500816,0.010048454,0.001238178,0.00069330464,0,0,0
"MAG117",0.041247025,0,0,0.23964867,0.0016426197,0.0032559107,0.09638617,0.0021999301,0.0045246687,0.07470627,0,0.0011311182,0.032427642,0.00080823206,0.0014692078,0.09351496,0.0014023572,0.0022123426,0.051876567,0,0,0.01719277,0,0
"MAG118",0.04936848,0.0033285392,0.0022873646,0.05733457,0.006753622,0.0040434976,0.080980934,0.027907418,0.010349836,0.041418772,0.011223676,0.004700035,0.062381566,0.026636817,0.0048753866,0.061664827,0.011691493,0.005205436,0.051420595,0.015386178,0.0048324275,0.05568452,0.0065874844,0.0016089604
"MAG119",0.0012293084,0,0,0.014127887,0.0012967743,0.0010490111,0,0,0,0.004808862,0,0,0.01990534,0.005144766,0.0031115029,0.06064415,0.008613107,0.0057884566,0.0007016449,0,0,0.001797512,0,0
"MAG120",0.028453587,0.0033189459,0.002396586,0.016062498,0.0015113767,0,0.006168939,0.0015581918,0,0.008484719,0.0012401253,0.0011813459,0.028525557,0.0030172342,0.002002209,0.10534578,0.019272348,0.015615783,0.009578966,0.0013035517,0.0013965539,0.033811413,0.0028957075,0.0017309126
"MAG121",0.01277635,0.004415149,0.0039009985,0.0067766136,0.0017857908,0.0015102884,0.009870006,0.0031347445,0.0022039718,0.01439189,0.004306626,0.0038881395,0.009146583,0.0025764888,0.0016442182,0.05082045,0.025850672,0.019697819,0.0047027185,0.0010671201,0.00075695507,0.0033970715,0.0008900079,0
"MAG122",0.77476346,0.006230228,0.032770727,1.1617224,0.015628159,0.2054978,1.4285814,0.08172286,1.2638738,0.9744954,0.0077149295,0.21551213,1.3875777,0.033827037,0.6228744,0.7680061,0.037880864,0.33049604,0.50012034,0.005222527,0.015416464,1.623034,0.015023619,0.060138695
"MAG123",0.0015462316,0,0,0,0,0,0,0,0,0.05307798,0.009543559,0.009912415,0,0,0,0.1911095,0.060756207,0.038284313,0.102290265,0.013276613,0.0093618985,0,0,0
"MAG124",0.060363647,0.027724791,0.03164705,0.14561518,0.08564825,0.028992984,0.07655172,0.067015335,0.020735767,0.088490404,0.08071369,0.059269823,0.06256964,0.063746646,0.030541392,0.073318586,0.11724768,0.06434978,0.027797056,0.026568202,0.020622525,0.051629018,0.032266114,0.010658508
"MAG125",0.0041404255,0,0,0,0,0,0.00086428726,0,0,0.0021371918,0,0,0,0,0,0.0036337336,0.0018200304,0.001209198,0.036880303,0.0073218485,0.0049057375,0,0,0
"MAG126",0.03115397,0.004560188,0.0041538132,0.016928881,0.0028993522,0.0024354344,0.020968871,0.012528836,0.00702403,0.059654966,0.011713302,0.0125605855,0.016931111,0.0057549,0.0026231378,0.102084756,0.025918515,0.019792857,0.06711901,0.019790761,0.012384113,0.057070892,0.019254355,0.009367989
"MAG127",0.0017418505,0,0,0.0023774854,0.0015917072,0.0010470768,0.009292561,0.0060773822,0.0027519467,0.0052869976,0.0031643133,0.001997755,0.109021224,0.054776683,0.036230166,0.028417232,0.010726243,0.009615592,0.13842563,0.020693634,0.01405412,0.0027334495,0.002095245,0.0010130098
"MAG128",0.031491574,0,0,0.028171705,0.0009721334,0.0019298022,0.013284579,0.0012139358,0.00246784,0.014561302,0,0,0.013552335,0.00069744297,0.00248526,0.009232036,0,0,0.06850271,0,0.000672508,0.00805915,0,0
"MAG129",0.110196106,0.010055668,0.0048245373,0.061707772,0.009148077,0.0064877504,0.02145027,0.003934012,0.0012982615,0.015628075,0.0042128367,0.0036251638,0.03609926,0.008361092,0.0044082324,0.24975595,0.043764975,0.025092226,0.05042674,0.0067826733,0.0040060617,0.039685726,0.006518026,0.0013963454
"MAG130",0.06447548,0.021404136,0.03446934,0.09204313,0.071996875,0.26353726,0.08561034,0.07539145,0.30328125,0.026810203,0.0713176,0.65651166,0.06422126,0.057690766,1.0601525,0.07866298,0.10557643,0.34327617,0.05759914,0.105868444,0.2426835,0.024506431,0.062378455,0.22147669
"MAG131",0.032763507,0.008876332,0.0125177875,0.07571271,0.03294687,0.024434274,0.041697178,0.016263578,0.012007045,0.039717626,0.02253809,0.035939634,0.0038467175,0,0.014253738,0.032760475,0.028576003,0.01434466,0.034844596,0.010248722,0.006823231,0.035977393,0.023572331,0.034894843
"MAG132",0.013885815,0.0010725642,0.0013263638,0.01770223,0.0016928558,0,0.030774694,0.0036629767,0.0022276344,0.012831747,0.0024901002,0.0013900257,0.038051832,0.0035841449,0.0029870206,0,0,0,0.0014467139,0,0,0.07199689,0.0045056078,0.0030007286
"MAG133",0.08491536,0.011127486,0.011376536,0.082692415,0.013811322,0.02019652,0.111384,0.06590612,0.07437815,0.07070466,0.01713404,0.036097076,0.11705063,0.017296378,0.031486444,0.102606334,0.03589236,0.04295847,0.07291514,0.008524608,0.021645343,0.110831715,0.027336124,0.061868493
"MAG134",0.098833434,0.005291792,0.0061432747,0.13141742,0.03139931,0.05576636,0.12594643,0.052858483,0.04822277,0.080601566,0.05099484,0.15085614,0.1468938,0.18856834,0.34838158,0.20334502,0.047942344,0.07729368,0.13232766,0.047501948,0.061267912,0.09886368,0.10355162,0.20862408
"MAG135",0.33619604,0.19380754,0.07472801,0.039375063,0.3919391,0.26183373,0.03611806,0.5433971,0.115552925,0.057797838,0.2426984,0.39505723,0.015112563,0.15410687,0.028629757,0.05342845,0.44098085,0.12262755,0.028116526,0.31581154,0.12430274,0.042995475,0.596242,0.07932873
"MAG136",0.42494676,0.0018028346,0.004907088,0.49541023,0.0097151,0.063397,0.68967485,0.12051399,0.71832675,0.45276418,0.0031516575,0.0327752,1.0338347,0.040240347,0.17644255,0.42682984,0.008694476,0.034857232,0.45630893,0.0018606714,0.0044660787,0.9153175,0.023721434,0.1797876
"MAG137",0.028421035,0.001959184,0.0016968392,0.15316717,0.024705047,0.03537244,0.5206538,0.05574879,0.053314302,0.2497621,0.037685584,0.061399736,0.21887109,0.021789033,0.031963233,0.38267148,0.07149598,0.0941969,0.2863322,0.035190217,0.043510392,0.4286832,0.06950179,0.06850727
"MAG138",0.006189756,0,0,0.008501567,0.031097004,0.021005291,0.004546463,0.006733614,0.0022045134,0.00582721,0.024556454,0.015525105,0.009874714,0.051824704,0.0155445095,0.005055101,0.013197429,0.004525821,0.0067100297,0.022830257,0.010989661,0.0063222405,0.055978153,0.015111539
"MAG139",0.05731978,0.0030835895,0.0024842503,0.14822355,0.006954208,0.0055485643,0.091021776,0.004022045,0.0019197082,0.034956776,0.00085602206,0,0.011588205,0,0,0.020104138,0.00074254605,0,0.08916405,0.0011589284,0.00066407723,0.10775325,0,0
"MAG140",0.020980543,0.0019180016,0.0016760037,0.010305206,0.017873952,0.008081131,0.01115136,0.014678046,0.0043381057,0.012328284,0.015924148,0.009171396,0.010682844,0.016094869,0.0067816777,0.01697615,0.028505804,0.008477703,0.0075287437,0.0025474287,0.0011719746,0.01151559,0.008488885,0.002928978
"MAG141",0.099063724,0,0,0.0739638,0.004378605,0.005664975,0.072116196,0.0050025913,0.004729712,0.079691306,0.00077362783,0,0.061478183,0.0020758358,0.0048666354,0.20543186,0.00078040676,0.0006837279,0.063608214,0,0,0.052044444,0.0024125963,0.002105878
"MAG142",0.15902036,1.0920115,0.70357525,0.12517901,8.948439,5.7501497,0.14232476,3.909351,2.8426828,0.16698043,4.4690733,4.6511216,0.123705484,4.659679,3.3911972,0.206064,5.5324106,2.564367,0.23045881,4.2930727,2.713762,0.19386783,5.8925257,8.448633
"MAG143",0.04661322,0.002481064,0.0024440777,0.026980055,0.0019402186,0.0009663765,0.0056251334,0,0,0.017643705,0.0012080199,0.0009176089,0.0009006597,0,0,0,0,0,0,0,0,0,0,0
"MAG144",18.767199,27.152107,23.02064,2.1265163,7.7945614,5.003284,2.5780325,8.393658,3.5881314,8.210107,15.069785,10.127256,3.8249133,7.566503,4.393936,1.0118741,5.767978,5.5774045,6.823159,21.169743,19.095781,6.2466583,8.188318,5.6117926
"MAG145",0.041065454,0.14706539,0.23385748,0.091286205,0.23553199,0.4605759,0.06450383,0.14679278,0.23254843,0.036718365,0.10050905,0.49973994,0.17483541,0.27034703,0.40790474,0.027731039,0.07321279,0.1495955,0.055373672,0.1353479,0.40642932,0.15720773,0.37579736,0.587552
"MAG146",0.018402727,0.0064086765,0.005435488,0.019913033,0.0055879173,0.004678165,0.0067488174,0.0035715979,0.0016720052,0.0073265713,0.0069331983,0.004700279,0.0029286672,0.0019532337,0.0015094229,0.006843894,0.00510977,0.0035598066,0.0011595216,0,0,0.0052028615,0.0068464302,0.003989176
"MAG147",0.3655365,0.028341671,0.015410561,0.6075291,0.022767862,0.016855786,0.44242293,0.008599016,0.005401858,0.49122432,0.007879931,0.0033024142,0.42207268,0.0010249866,0.00083121797,0.2532007,0.009873379,0.0046353485,0.7439527,0.0062046847,0.0031139874,1.2561893,0.003071421,0.001987526
"MAG148",0,0,0,0.03437528,0.008098801,0.0060270056,0.04881198,0.007949249,0.0042271367,0,0,0,0,0,0,0,0,0,0.0014441316,0,0,0,0,0
"MAG149",0.022013022,0.0038747445,0.0036538437,0.0060684187,0.00092011,0,0.18462932,0.041428037,0.034313817,0.009726726,0.002522768,0.0022863953,0.24326979,0.04326575,0.034858778,0,0,0,0.004090887,0,0,0.0009521375,0,0
"MAG150",0.052216657,0.005642903,0.0076653957,0.041172966,0.0051562376,0.0068467245,0.057210643,0.015667865,0.01832821,0.026006978,0.0043248693,0.008281309,0.069259934,0.014124699,0.016103877,0.017737634,0.0014569382,0.0012884081,0.022675922,0.0010358042,0.0006285722,0.0623452,0.0057705753,0.007107524
"MAG151",0.0651271,0.0027887989,0.004987469,0.073220894,0.0026072639,0.0071483017,0.102072075,0.0015596336,0.0025184357,0.041569527,0.001518916,0.004276818,0.049185187,0.0041335295,0.001073149,0.048141185,0.01172788,0.012577919,0.08039786,0.013245977,0.014521988,0.05146848,0,0
"MAG152",0.025764603,0.004305587,0.0030962834,0.009345317,0.0019863301,0.0011973615,0.010756492,0.0042595137,0.0016078632,0.0711307,0.02853075,0.017419914,0.0036197035,0.0014896252,0,0.042276993,0.022998687,0.018556826,0.038561992,0.02062723,0.014243057,0.015992474,0.0044936175,0.0023528596
"MAG153",0.007886773,0,0,0.0061205025,0,0,0.012637558,0,0.0034350816,0.11128211,0.004774935,0.008841507,0.0062525724,0,0,0.04517792,0.007420173,0.012822661,0.008262893,0,0,0.007314661,0,0
"MAG154",0.015400402,0,0,0,0,0,0.0021470047,0,0,0.17742556,0.0055000153,0.005230259,0,0,0,0.27125424,0.017529793,0.011107911,0.0015982345,0,0,0,0,0
"MAG155",0.0075136623,0,0,0.16954263,0.015391768,0.012979094,0.0099900095,0,0,0.071334,0.0014197561,0.0031605128,0.0014573354,0,0,0.04340489,0.0013613371,0.0020748884,0.035049275,0,0.0011662914,0.0064721713,0,0
"MAG156",0.087561205,0.0077372864,0.0054240217,0,0,0,0,0,0,0.09772555,0.19684926,0.14639902,0,0,0,0.058089215,0.080190174,0.04152778,0.11552184,0.06847909,0.03853145,0.038702406,0.110569574,0.026245058
"MAG157",0.012201131,0.0018345205,0.002174835,0.03450858,0.034427717,0.06350786,0.0213188,0.03127116,0.041845787,0.042906925,0.055263385,0.15793769,0.02265584,0.023157021,0.020880053,0.0063291844,0.007845647,0.01026441,0.007311042,0.014865416,0.016099034,0.0061807428,0.0070998375,0.0051502716
"MAG158",0.0045250794,1.4099672,1.4895023,0.0016636009,1.2235163,0.28233615,0.0013639095,0.7039726,0.031682648,0.040016733,4.618054,2.6261923,0.00084877096,0.102423884,0.0033830008,0.0010129822,0.2385707,0.047496527,0.0008769232,0.9180683,0.3982302,0.00094438664,1.4797355,0.0785553
"MAG159",0.3219944,0.036908325,0.19836609,0.61570466,0.09253609,0.33285627,0.35662133,0.11542458,0.28123698,0.41114673,0.12791501,0.47483996,0.32231042,0.07040115,0.21615708,0.36908534,0.12075042,0.7058487,0.1998794,0.022109404,0.104931675,0.31941348,0.04436,0.1505089
"MAG160",0.1046688,0.018795203,0.015628204,0.39499122,0.14606962,0.15110199,0.48752755,0.3609052,0.5232,0.2568585,0.18707135,0.25077903,0.710855,0.5522852,0.6842955,0.0497763,0.013679892,0.01283092,0.27949512,0.17885496,0.17254159,0.56094325,0.29499078,0.5515759
"MAG161",0.01191914,0.0021896884,0.0014023319,0.029199716,0.005296084,0.003900592,0.024658792,0.015060031,0.0063356627,0.023973301,0.014750235,0.010625973,0.06492236,0.033105183,0.016557477,0.02498319,0.0115384245,0.00511702,0.029039944,0.011403685,0.0066447207,0.043830037,0.026157279,0.011796502
"MAG162",0.08712164,0.043418244,0.04962677,0.23322012,0.15649006,0.05139795,0.1618836,0.14118496,0.046518933,0.14670014,0.121610574,0.09703685,0.2158218,0.18857834,0.08571918,0.0750868,0.10699735,0.061260775,0.048979964,0.048865132,0.03296273,0.13028368,0.06719832,0.026141131
"MAG163",0,0,0,0,0,0,0,0,0,0.0014927117,0.0012907326,0.0016949682,0.055292487,0.04005362,0.049086377,0,0,0,0,0,0,0,0,0
"MAG164",0.08783865,0.0007030555,0.0016583374,0.12138861,0.0038462959,0.010248485,0.030134665,0,0.001442857,0.025559865,0,0.0012638848,0.16053416,0.008342502,0.0073100124,0.0870016,0.000993711,0.0029119432,0.13464604,0.00066958467,0.001736885,0.20298,0.005228708,0.0096257
"MAG165",0,0,0,0,0,0,0,0,0,0,0,0,0.120457284,0.009450436,0.0020082737,0,0,0,0,0,0,0.017037353,0.0020125366,0.0010431508
"MAG166",0.09721599,0.015538587,0.015850214,0.17336133,0.03997528,0.03842748,0.085534856,0.035510786,0.026431495,0.07340502,0.0071832077,0.00906505,0.11681458,0.019873116,0.02787162,0.11905704,0.021547401,0.038554482,0.064743936,0.014198582,0.01036952,0.029807823,0.01785793,0.023063948
"MAG167",0.16217634,0,0.0007047893,0.15777807,0.0019256617,0.0017722124,0.13526109,0.0026531287,0.0024839323,0.2610327,0.0034749664,0.0033472255,0.05149137,0,0.0009783717,0.5037545,0.0043295505,0.005452674,0.43290892,0.00094838336,0.00096567237,0.11328794,0.0014199351,0.001324245
"MAG168",0.006773614,0.004031075,0.013313718,0.033565488,0.039888773,0.1863041,0.019652631,0.037832864,0.043539364,0.016580965,0.019908879,0.15824603,0.036936887,0.062312216,0.15158944,0.00646832,0.010064332,0.01975609,0.022555018,0.03550828,0.09527916,0.026074149,0.043403305,0.08741918
"MAG169",0,0,0,0.0026879534,0.0038533825,0.0025958945,0.0031104845,0.003736359,0.0026411673,0,0.0008347405,0,0.05026624,0.04765628,0.023588903,0,0,0,0.0008928538,0.0022334165,0.0014514521,0.0018618383,0.002876148,0.0013383623
"MAG170",0.009120432,0.0045268713,0.0023070408,0.054371547,0.04085798,0.022763386,0.049054917,0.07938738,0.02413061,0.026660863,0.046693165,0.023901172,0.12733221,0.123684436,0.042248502,0.022517234,0.0312985,0.016703786,0.025703311,0.04345098,0.022942027,0.1399483,0.19278522,0.094925344
"MAG171",0,0,0,0.0027663202,0,0,0.0013983776,0,0,0.001942427,0.0010765688,0.001000541,0.016606368,0.0045843883,0.0034076285,0.038416505,0.015281866,0.011208856,0.026546104,0.011450153,0.009850053,0.054258045,0.009092506,0.006138256
"MAG172",0.39628488,0.0024059392,0.009174979,1.3789333,0.004937212,0.011816797,0.8431158,0.007435421,0.026246117,0.883956,0.006942772,0.046434615,0.7187318,0.009567486,0.024107978,0.18527034,0.011147999,0.03548812,0.2543137,0.003972421,0.004913089,0.6944798,0.006336995,0.007857672
"MAG173",0.117416605,0.0010874501,0.0015039613,0.13229123,0.004665996,0.0028046707,0.051359903,0.0040617613,0.0010937896,0.110917255,0.004713313,0.0031612609,0.072648585,0.0025882337,0.0016887574,1.0689645,0.029858623,0.025422283,0.029736584,0.0013610049,0.0010594432,0.04910431,0.0015832579,0.001665255
"MAG174",0.035872098,0.0021023762,0.0022535913,0.024245027,0.0015058783,0.0009911235,0.008547047,0.0012837925,0.0008025267,0.026859017,0.0022332591,0.0011824395,0.0006991062,0,0,0.07026098,0.0045568915,0.004411292,0.040449258,0,0,0.014112578,0.0011601135,0
"MAG175",0.0025004644,0,0,0.014480478,0.0011733756,0,0.009455069,0.00083138363,0,0.01581463,0.0017657805,0.0011591746,0.00096813065,0,0,0.18439826,0.019644102,0.017552411,0,0,0,0.014066637,0.0012619349,0
"MAG176",0.00063785864,0,0,0.060560513,0.005219243,0.004366002,0.18530945,0.043850325,0.02167293,0,0,0,0.22305422,0.031735938,0.019271549,0.15002024,0.039372705,0.031515766,0.059058882,0.014716019,0.01055082,0.047412075,0.007891361,0.0054379213
"MAG177",0.009509102,0,0,0,0,0,0,0,0,0.035772268,0.0076401467,0.0066122967,0,0,0,0.057941187,0.009485154,0.009650253,0.053340733,0.006234145,0.005108917,0,0,0
"MAG178",0.0138794435,0.0019560412,0.0011322419,0.016862307,0.0031490778,0.0014419866,0.010187421,0.0017732708,0.000987657,0.00061099837,0,0,0.005037275,0.00089544593,0.0007592224,0.081292324,0.02249333,0.017337894,0.010709784,0.002437606,0.0012616654,0.013659812,0.0021144692,0.0016289349
"MAG179",0.03572201,0.0016365797,0.00167451,0,0,0,0,0,0,0.006340717,0,0,0,0,0,0.055129398,0.0056565222,0.004041643,0.028954728,0.0028346258,0.0018633223,0,0,0
"MAG180",0.001607319,0.13771127,0.07499343,0,0.0022642252,0.0022221776,0.00052352826,0.0021610353,0.0015335258,0,0.0011547946,0.0012154499,0,0.0024944101,0.0014122331,0.022750244,2.1196883,3.2583218,0,0.0058621787,0.0028751227,0,0.0014043497,0
"MAG181",0.056674965,0.049520195,0.040280655,0.032951947,0.037715778,0.049925767,0.060054738,0.05725199,0.052249305,0.035107058,0.031539056,0.07838223,0.035328504,0.06188353,0.058501698,0.08408251,0.13992707,0.21459286,0.036737874,0.053230863,0.068488576,0.056831684,0.03630574,0.030696074
"MAG182",0.019344326,0.01581071,0.04305532,0.102936655,0.17186056,0.5692896,0.103682876,0.11476496,0.22433053,0.031199299,0.008608762,0.068533786,0.1498923,0.15660316,0.38044432,0.028216893,0.048780683,0.092026494,0.014346752,0.009757331,0.031787027,0.1098157,0.018015226,0.05357405
"MAG183",0.11274122,0.005049395,0.017039878,0.1342337,0.0032713795,0.018723102,1.0906687,0.009547223,0.056884743,0.13559532,0.003590686,0.014468429,0.48758543,0.005211815,0.018712651,0.18759882,0.022713281,0.04294525,0.55497575,0.039999455,0.073159926,0.9196846,0.0071435655,0.021320892
"MAG184",0.0011091637,0,0,0,0,0,0,0,0,0.027289748,0.005598246,0.0054883263,0,0,0,0.0977679,0.024305921,0.0323348,0.05287614,0.0062047117,0.0047823708,0,0,0
"MAG185",0.008824452,0,0.0007239641,0.007594169,0,0,0.07071858,0.010223933,0.003652008,0.075926356,0.01128433,0.006788746,0.007991805,0.0012728693,0.001175007,0.06987868,0.009970237,0.007619997,0.23067713,0.034250688,0.025442386,0.08226833,0.010072287,0.004174911
"MAG186",0.00073445303,0,0,0.0020722963,0,0,0,0,0,0.0952454,0.00653438,0.0039344225,0,0,0,0.2765632,0.026826508,0.032218162,0.23652156,0.016162312,0.013694834,0.1994707,0.015072784,0.011642987
"MAG187",0.08760178,0,0,0.050245866,0.00069093506,0,0.019426037,0.0031249006,0.0013904397,0.02505412,0,0,0,0,0,0.116591446,0.003927838,0.0024744538,0.18970567,0.0022221352,0.0014119174,0.007524638,0,0
"MAG188",0.053203516,0.0020063818,0.0015567242,0,0,0,0.0038250594,0.0008221888,0,0.017818084,0.0023381594,0.0016086333,0,0,0,0.01654163,0.011097159,0.0077135535,0.06787186,0.010850978,0.011691218,0,0,0
"MAG189",0.1439519,0.0008856832,0.0016947186,0.03303674,0,0,0.017962204,0.0014155703,0,0.17506488,0.0022766183,0.002377561,0,0,0,0.09248657,0.0027392365,0.0041026403,0.87594277,0.021801583,0.010723051,0.010640328,0,0
"MAG190",0.043865465,0.00060451607,0.0007332222,0.015675118,0.001386796,0.0009499568,0.027934637,0.0016206962,0.0007296911,0.008370416,0,0.0013181107,0.0070299255,0,0,0.010009442,0.0028286544,0.0029893625,0.06400513,0.005637443,0.005296605,0.020177986,0,0
"MAG191",0.115514725,0.00974529,0.011991602,0.095005505,0.010545849,0.008155603,0.11384905,0.022694437,0.022968723,0.13643336,0.034331184,0.078792654,0.27044064,0.027855674,0.04711488,0.060333684,0.021351412,0.04030258,0.099284165,0.024053438,0.037137896,0.20593402,0.044151723,0.08279132
"MAG192",0.055313326,0.01933843,0.027850362,0.02157759,0.021562051,0.013938377,0.018018795,0.013980096,0.009348812,0.042338625,0.03997775,0.05128568,0.009075299,0.00532499,0.0040725544,0.07312583,0.09735882,0.13625807,0.025601786,0.036409263,0.043719374,0.009251913,0.006202248,0.0031648842
"MAG193",0.022464102,0.013023127,0.0157965,0.020564666,0.011701451,0.038499445,0.016910909,0.012974722,0.02057565,0.011531425,0.010190164,0.05260228,0.027843157,0.018441757,0.035158474,0.0150954,0.012599451,0.03616577,0.017543482,0.016174648,0.036869235,0.020275751,0.013292404,0.016038066
"MAG194",0.028569093,0.020846551,0.016556388,0.057131305,0.45419142,0.18671446,0.04069477,0.30926773,0.0819781,0.021560978,0.3469956,0.21379131,0.037084278,0.39827663,0.13678955,0.056947194,0.82231426,0.20428355,0.027070269,0.17573886,0.051141508,0.04071331,0.16292085,0.038338818
"MAG195",0.11920224,0.011501484,0.0084293345,0.1567151,0.034064244,0.03193173,0.17891714,0.041939437,0.017760303,0.12694272,0.05863828,0.044325642,0.32513624,0.065750875,0.027748883,0.12158016,0.018536506,0.014893256,0.15018561,0.014533713,0.009584677,0.306449,0.06427739,0.033386663
"MAG196",0.1703116,0.00840166,0.0062650153,0.1736256,0.0074337563,0.009349604,0.2696403,0.014252579,0.01212371,0.108663976,0.008501662,0.016652854,0.20017077,0.008024588,0.014994381,0.14534308,0.0063811247,0.010526778,0.23214866,0.007782198,0.0072692772,1.2443277,0.012083904,0.00978223
"MAG197",0.012008246,0.0014368346,0.0012160464,0.05025787,0.009307407,0.008287138,0.012257022,0.004162466,0.0015263576,0.0053386563,0.0020236054,0.0013220968,0.052424274,0.009397915,0.0059564454,0.038062595,0.01009156,0.00857236,0.014277825,0.0053502917,0.0035741443,0.09182973,0.01645914,0.009169333
"MAG198",0.0013174089,0,0.0005706552,0.090853766,0.023118071,0.048603565,0.06749703,0.030249381,0.036586583,0.00081671315,0,0,0.09386455,0.031286757,0.07953339,0.0044775167,0.0016022602,0.0017819105,0,0,0,0.17446236,0.08483698,0.30999607
"MAG199",0.031380378,0,0,0.033420615,0,0,0.041544028,0.0021878146,0.0012989182,0.1452941,0.0018331953,0.0030633062,0.1361749,0.001223389,0.0013565167,0.25942728,0.0023782991,0.0026718266,0.053182296,0,0,0.4309844,0.001705356,0.0015174547
"MAG200",0.023470903,0.0061519556,0.00436183,0.04036423,0.006504058,0.0054785353,0.009650663,0.0024977056,0.001344555,0.002205295,0.0008147562,0,0.008216637,0.0028777637,0.0014362254,0.0012475916,0,0,0.0036447693,0.0010885044,0.00074546604,0.067652784,0.01534065,0.008590033
"MAG201",0.0075059067,0,0,0.022533061,0.0028767567,0.0016514446,0.020766826,0.0025525223,0.0011859821,0.00826726,0.0011275028,0.0008783526,0.00695652,0.0006762082,0,0.0016918438,0,0,0.0029367185,0,0,0.03409957,0.0033629925,0.0020851044
"MAG202",0.22194369,2.5533834,2.9731977,0.08129024,0.32127354,0.35497877,0.027009612,0.16600722,0.0912634,0.065641716,0.4647425,1.0888112,0.11040394,0.6063628,0.27314457,0.006075894,0.21919489,0.18292725,0.030483956,0.491142,0.60837513,0.05434661,0.2599081,0.07569135
"MAG203",0,0,0,0,0,0,0.003270963,0,0,0,0,0,0,0,0,0,0,0,0.013662636,0.00128397,0.0008664864,0.042051937,0.0008479308,0.0012564538
"MAG204",0.0374593,0.01483018,0.013906273,0.04249855,0.11428292,0.06085439,0.044550303,0.22513592,0.07763228,0.043250497,0.05394955,0.049802586,0.08182054,0.14618112,0.076772824,0.08521877,0.16899914,0.13432184,0.028305698,0.03696621,0.021646613,0.07770755,0.18796596,0.10750956
"MAG205",0.05352754,0.003061256,0.002912906,0,0,0,0.0035592485,0,0,0.0050252937,0,0,0,0,0,0.009347567,0.0014204701,0.0009367535,0.005194096,0,0,0,0,0
"MAG206",0.05791189,0.006133834,0.007466611,0.1029847,0.02306185,0.009156149,0.069146596,0.021035872,0.009338662,0.07118105,0.014110327,0.018598873,0.089326106,0.019969694,0.010464897,0.13941728,0.040127408,0.015155574,0.048614804,0.009514042,0.011149845,0.06902448,0.010263906,0.005712773
"MAG207",0.06595696,0.0027871735,0.002225639,0,0,0,0,0,0,0.020630311,0.0016405054,0.0021140636,0,0,0,0.015309732,0.0028823304,0.0026240845,0,0,0,0,0,0
"MAG208",0.05596486,0.009211146,0.007542392,0,0,0,0.0007626052,0,0,0,0,0,0,0,0,0.011924513,0.0050684502,0.0042447792,0.0015328134,0,0,0.0014461945,0,0
"MAG209",0.041359376,0.011073132,0.008647216,0,0,0,0.009969257,0.003193308,0.0018464387,0.019707555,0.0126444,0.0062028086,0.0231237,0.007415662,0.003478354,0.020449491,0.010282657,0.0084375255,0.01706561,0.0080443155,0.007741897,0.012873849,0.0056172255,0.0028692663
"MAG210",0.023127517,0.013843462,0.040853593,0.023178397,0.044486538,0.13083485,0.017205447,0.02715149,0.04119485,0.011872304,0.0059398646,0.07517698,0.020043423,0.06233791,0.11775786,0.0057633957,0.013769646,0.029073846,0.006606799,0.008161993,0.030697703,0.034970865,0.05467331,0.09979328
"MAG211",0.004083244,0.019873857,0.0437952,0.0016786869,0.0009861125,0.0020947242,0.002861492,0,0,0.0027761064,0.01830571,0.013163133,0,0,0,0.0006184434,0.005716266,0.004425659,0.0020750829,0.006205566,0.0056098187,0,0,0
"MAG212",0.0017408989,0,0,0.023884699,0.0012612233,0.0010347535,0.012126026,0.0012309825,0.00077251584,0.0069781044,0,0,0,0,0,0.0032817563,0,0,0.010045248,0.0009579843,0.001015946,0.0027604322,0.0010594075,0.0010507853
"MAG213",0.005606459,0.0026231275,0.0024372716,0.02919114,0.004984925,0.004923613,0.012828439,0.0047091716,0.004213932,0.0058251456,0.004205534,0.008000279,0.019359164,0.0055716345,0.0053405887,0.0056405277,0.003510006,0.0042720158,0.0016372249,0,0.0010306714,0.017323606,0.010528887,0.010185249
"MAG214",0.021549398,0.0059057185,0.006423277,0.05688892,0.051272288,0.09683079,0.014563446,0.013189088,0.01607933,0.00773663,0.00295584,0.008896744,0.025600106,0.018681256,0.03393677,0.013028221,0.0051316675,0.008077699,0.009508834,0.0065423963,0.013278866,0.03809064,0.010750058,0.012717152
"MAG215",0.014643817,0,0,0.041498054,0.026631154,0.014738263,0.020910876,0.0268502,0.008160725,0.02203889,0.010297906,0.005796345,0.022552205,0.012750394,0.004254218,0.031051496,0.012705253,0.0069881002,0.024963714,0.008394521,0.0042657657,0.022059483,0.014152671,0.0042069275
"MAG216",0.049484633,0.013357056,0.013469423,0.028065361,0.17490172,0.11866825,0.03119811,0.27168038,0.106969744,0.037359696,0.13804796,0.14249082,0.020940557,0.20789592,0.08247159,0.016690725,0.040932734,0.02170166,0.038472313,0.06466113,0.041216586,0.029975578,0.20490631,0.077473454
"MAG217",0.013429819,0.0021269193,0.003213782,0.027176116,0.014446852,0.08732108,0.007023778,0.0055037453,0.02691548,0.002382938,0.0018481647,0.0052169794,0,0,0,0,0,0,0,0,0.0016014386,0,0,0
"MAG218",0.0026455827,0.004680165,0.0051351734,0.03352689,0.09093284,0.13976222,0.040423043,0.09534589,0.1347938,0.0027391422,0.004884992,0.010717341,0.055068195,0.05536324,0.08497127,0,0,0,0.0012363734,0.0031970409,0.0036193389,0.040809516,0.0681392,0.095536985
"MAG219",0.007888724,0.010410987,0.007058314,0.011142812,0.018499482,0.008025739,0.030877292,0.03326737,0.008239768,0.0052566007,0.015971666,0.011774162,0.026218114,0.041318238,0.016382514,0.0102828415,0.032410603,0.023909656,0.006678378,0.013560406,0.00964714,0.030752959,0.04622565,0.014222278
"MAG220",0.031382676,0.0036845265,0.0029272856,0.020656507,0.003915084,0.002581067,0.03911552,0.008458638,0.0028964982,0.0055325073,0.0034349442,0.001814444,0.011836559,0.007345774,0.0024845398,0.009233123,0.003467273,0.0025696508,0.014670456,0.008383261,0.004386356,0.006656238,0.0027749133,0.0011321915
"MAG221",0.0028397236,0,0.0008480927,0.0034769203,0.0014565589,0.0021384277,0.035209227,0.016813897,0.010528459,0.0036090128,0.0025253522,0.0018438277,0.0015698625,0.0014441768,0,0.0054814606,0.002397002,0.0026462679,0.0012401582,0,0,0.019351369,0.0073828874,0.003140636
"MAG222",0.015151254,0.0012547305,0.0010640969,0.01591756,0.0021578763,0.0017958727,0.025220137,0.007699916,0.0028570904,0.0041003986,0,0.0008309186,0.0025030724,0,0,0.008429045,0.0018251885,0.0016000037,0.015967125,0.0022719374,0.001521886,0.004447086,0.0010649506,0
"MAG223",0.0084067,0.001078498,0.0011181972,0.040147703,0.0043762014,0.0030403568,0.14664774,0.030694935,0.014967165,0.005306893,0.0012422298,0.0009875081,0.012652269,0.0056805033,0.002371234,0.0039658276,0.0013873118,0.0012154551,0.011833462,0.00218262,0.0012707858,0.16310398,0.020772042,0.010800723
"MAG224",0.15902908,0.00091983407,0.006922386,0.49781287,0.0096926475,0.03831232,0.4818943,0.013656921,0.041274436,0.2879096,0.0024230476,0.034660287,0.6609712,0.005323217,0.03624079,0.032170475,0.00093902275,0.0055943797,0.0462334,0,0.0009361594,0.6891812,0.0021078456,0.010752604
"MAG225",0.032823354,0,0,0.08308807,0.0015673437,0.0014003166,0.076530084,0.000756386,0.0007401722,0.029276213,0,0,0.019705601,0,0,0.02719754,0,0,0.028098121,0,0,0.018009229,0,0
"MAG226",0.013180003,0.004762712,0.0019729733,0.018299302,0.0007869332,0,0.03731798,0.0022857615,0,0.023139382,0,0,0.027093979,0.0014811108,0,0.018845702,0.00508129,0.0010931713,0.028113948,0.012835936,0.0018561144,0.0331131,0,0
"MAG227",0.01317711,0,0,0.034077495,0.007512099,0.0085823955,0.04245469,0.038328324,0.019079743,0.012662576,0,0.0017325719,0.039608628,0.02468271,0.01577306,0.01375972,0.0019164534,0.0016219321,0.00914801,0.0016593554,0.0014854103,0.040169254,0.043561332,0.021883165
"MAG228",0.028593786,0.0023119485,0.0019754714,0.025009792,0.006901451,0.0042268983,0.03941437,0.010284302,0.0032918062,0.029511938,0.010731992,0.0073356875,0.027042018,0.0070475563,0.00474436,0.031236686,0.0040305234,0.0030852742,0.019020548,0.0015396592,0.0017069378,0.031589434,0.007684879,0.004421472
"MAG229",0,0.002747656,0.0033990913,0.0020036583,0.046078593,0.033297777,0.008628617,0.25706178,0.1079045,0.0018151448,0.022047611,0.013634452,0.0028891002,0.041017164,0.019399462,0.0014942943,0.0021975,0.0023562564,0.001730105,0.01225309,0.008671774,0,0.0060511865,0.002252894
"MAG230",0.07603463,0.0027090786,0.0038390348,0.17325751,0.051262543,0.037934944,0.23823656,0.09395311,0.056143656,0.12851961,0.0016485683,0.02142436,0.10842896,0.102352485,0.024354905,0.07574809,0.07706539,0.04716032,0.15646403,0.0059336554,0.002308661,0.17681786,0.012157383,0.0019897397
"MAG231",0.011012755,0.0049208235,0.0021179044,0.013725156,0.039787862,0.030010065,0.014672856,0.04822221,0.013335186,0.009391135,0.026975246,0.012773163,0.0025150946,0.003118512,0.00214021,0.002684134,0.010285557,0.007945393,0.012969708,0.0458322,0.028869094,0.0039769523,0.016764939,0.0072088325
"MAG232",0.0017554974,0,0,0.0067100134,0.0030761196,0.0028093995,0.00625302,0.006814787,0.0013533756,0.0076624462,0.005590522,0.007007265,0.0029038282,0.0009207848,0.0011955055,0.008008975,0.0047424696,0.0061666416,0.004195355,0.003198769,0.0035591084,0.0026570086,0.0011734765,0.0014826147
"MAG233",0.3932957,0.035225384,0.027016476,0,0,0,0,0,0,2.5321062,0.24271663,0.14481263,0,0,0,0.07886816,0.0071228864,0.005337629,0.01613777,0.0019502764,0.0014082495,0,0,0
"MAG234",0.025712488,0.10781067,0.2048959,0.0025527875,0.05804044,0.0440752,0.021075213,0.38689634,0.1992524,0.23002762,2.5581393,1.7723342,0.04747345,0.39731637,0.19042905,0.0018734173,0.020483714,0.027638683,0.008913489,0.09837126,0.09967676,0.009780799,0.17479464,0.088198565
"MAG235",0.07323879,0.0011525631,0.001229488,0.048483506,0.0025544097,0.0019583306,0.04134453,0.0035540943,0.0025326835,0.1443926,0.0068586385,0.0052056066,0.003050714,0,0,0.09091555,0.0060431478,0.005035452,0.22474793,0.007813094,0.006744003,0.0216329,0,0
"MAG236",0.010101252,0.0006927762,0.00079511397,0,0,0,0.001615752,0,0,0.031180536,0.002113081,0.0014906917,0,0,0,0.025963442,0.0014377389,0.0010032055,0.023746625,0.0007774187,0.0013359837,0,0,0
"MAG237",0.14371307,0.0055087274,0.0052311607,0.19559889,0.08662989,0.14369023,0.30564344,0.4300099,0.23160401,0.13891214,0.04564185,0.13052732,0.5986367,1.1809204,1.0643965,0.036515787,0.09119627,0.056941573,0.14040737,0.05173003,0.028187504,0.37487945,0.36353096,0.15199637
"MAG238",0.0049908995,0.0177195,0.014887888,0.0035512978,0.019623466,0.011030325,0.008494031,0.07656822,0.03159504,0.0071820715,0.06494242,0.080470294,0.017259464,0.07254893,0.040711254,0.0016597518,0.01569142,0.004324073,0.003929734,0.039686285,0.013138382,0.012915429,0.09420839,0.018897062
"MAG239",0.0069293203,0.004000425,0.0027429492,0.012660156,0.03024866,0.0137383565,0.03613466,0.06396172,0.01910706,0.010558527,0.022324288,0.0084713325,0.09408963,0.06603671,0.0337904,0.03542435,0.07488447,0.038011644,0.034595262,0.059854273,0.035184,0.023086028,0.011488041,0.006708229
"MAG240",0.0523566,0.0033138571,0.002139247,0.2572005,0.00943081,0.00548091,0.32362485,0.012340437,0.007328976,0.037674244,0.0026228726,0.0054608346,0.35234445,0.011463429,0.016405348,0.041428115,0.0018638938,0.0028955056,0.28111166,0.0065061366,0.004062173,0.030105999,0.0015929457,0.00074865075
"MAG241",0.05511302,0,0,0.24079873,0.002946043,0.002987942,0.1665449,0.0017878409,0.0018111728,0.05058837,0,0.0010553383,0.08415441,0.0015432735,0.0019420829,0.03931654,0.0011305124,0.0013186658,0.045302838,0,0.0005693424,0.031621154,0,0
"MAG242",0.0062741064,0,0,0.006715428,0,0,0.051295392,0,0,0.0766154,0.0010897078,0.00172517,1.6355405,0.012987043,0.01358177,0,0,0,0.03560744,0.0008359206,0.0007427122,0.557216,0.0020014383,0.0022709395
"MAG243",0.00058184797,0.004026508,0.031244861,0.0052556433,0.09305959,0.42281747,0.11215903,1.4096606,1.0430758,0.0021630693,0.020382468,0.08547693,0.12919469,0.81670946,1.1027728,0,0.0007655608,0.0031038178,0.0017624254,0.009132386,0.080590025,0.005180367,0.078450836,0.47592658
"MAG244",0.0028151153,0,0,0.006537008,0,0,0,0,0,0.007444106,0,0,0.06163264,0.000909011,0.0012447735,0,0,0,0.01313451,0,0,0.06908728,0.0026868442,0.0023336338
"MAG245",0.17367901,0.050818775,0.04100101,0.16274676,0.11421339,0.06194181,0.084449,0.11149497,0.0458231,0.06411284,0.050259877,0.04104229,0.07918801,0.044148345,0.022958802,0.0718672,0.10589835,0.11371996,0.12284359,0.07293401,0.050838105,0.11307712,0.10603569,0.0649476
"MAG246",0.043753065,0,0,0.17463575,0.029689094,0.020214457,0.15483716,0.024560288,0.01208562,0.091565736,0.004110682,0.0063792327,0.0542903,0.0027356874,0.002346326,0.122773536,0.0045951144,0.006123038,0.058754385,0.0012114828,0.0017919877,0.042916525,0.0036920768,0.0023266925
"MAG247",0.023341898,0.013569907,0.011043381,0.045219656,0.004227859,0.0021043362,0.040280715,0.00781343,0.004399934,0.035652746,0.0029568789,0.0026589106,0.06957314,0.015832502,0.0051789726,0.01687329,0.002986855,0.0019579302,0.028886756,0.004189512,0.0034516451,0.064860865,0.006571317,0.0042702192
"MAG248",0.0063646515,0,0,0.027946988,0.0073677623,0.005361037,0,0,0,0.0073687145,0.002618878,0.0015682717,0.046364103,0.014296647,0.0075192605,0.003715519,0.0010220247,0,0.003645388,0.0011619511,0,0.012782185,0.003765603,0.0016584095
"MAG249",0.018483752,0.0012862112,0.0015042394,0.022543296,0.0007355326,0.0008185466,0.01736217,0.0010865969,0.0009741191,0.011432356,0.0015356704,0.0012314733,0.039645206,0.0029365965,0.0034152947,0.031700004,0.005310741,0.0038778877,0.022368444,0.0016772652,0.0014596751,0.032157686,0.0021489963,0.0013678848
"MAG250",0,0,0,0,0,0,0,0,0,0.0010578557,0.0041760756,0.0031563127,0.5211811,0.5483839,0.43145514,0,0,0,0,0,0,0,0,0
"MAG251",0.0040451563,0.0054226285,0.0032684084,0,0,0,0.045986086,0.09446908,0.030737936,0.014366874,0.037200842,0.016348718,0.23029917,0.30023816,0.14781393,0.0016419629,0.0049304636,0.0033111998,0.067247555,0.14756936,0.13634445,0.07774079,0.084095754,0.042251486
"MAG252",0.0018503324,0,0,0.006211749,0.0019796356,0.0013224168,0.0136292195,0.009989083,0.0024086775,0.0020454174,0,0,0.0079522,0.088260844,0.0065362784,0,0,0,0.0026956417,0,0,0.0041284394,0,0
"MAG253",0.019171841,0.007350464,0.005237282,0.05282525,0.051403474,0.044914603,0.04944057,0.111707084,0.08494744,0.039651144,0.02555031,0.033462875,0.14232893,0.12793024,0.110462576,0.044722464,0.22171783,0.21740171,0.03307068,0.040796183,0.050075736,0.03388367,0.041409925,0.033305272
"MAG254",0.0021624514,0,0.0006426208,0.0056165033,0.008619302,0.004943433,0.0024624723,0.0046826066,0.0013774047,0.0041081836,0.0061687278,0.0057022246,0.00433299,0.033912063,0.0056321705,0.0058428263,0.004701454,0.0019770612,0.003356508,0.0027483893,0.0012410443,0.0020104214,0.0024756058,0
"MAG255",0.012040009,0.0017294721,0.0020471246,0,0,0,0.0014123645,0.0013935111,0.0008438398,0.0047985,0.0024031876,0.0025313878,0,0,0,0.044438425,0.023505067,0.018601082,0.0030484125,0.0014795467,0.0013767035,0,0,0
"MAG256",0.01783289,0.00092457316,0.0007108963,0.0021155896,0,0,0.0027933007,0,0,0.015661953,0.0009672518,0.0014630083,0.00094919826,0,0,0.03144878,0.0019283496,0.0009954774,0.00570669,0,0,0.0013934675,0,0
"MAG257",0.29643628,0,0.0013134121,0.26755998,0.0020100155,0.00470885,0.10407442,0.0026081328,0.0039966647,0.024419568,0,0,0.08144109,0.0022896093,0.00201018,0.5107562,0.0042132167,0.020201808,0.108853765,0,0,0.46454668,0,0.0012288867
"MAG258",0.10148018,0.0022637271,0.002437773,0.080574915,0.0045366767,0.004759152,0.17097957,0.004222038,0.0029078564,0.113183245,0.005440956,0.0070632105,0.5317414,0.053386044,0.2162839,0.06429244,0.0037623474,0.0036315527,0.06619348,0.002369171,0.0020557072,0.5553168,0.025233008,0.021577615
"MAG259",0.006705309,0.0060571395,0.020189865,0.0031941044,0.01251592,0.016043587,0.0028326549,0.023287663,0.01851432,0.00191399,0,0.002772765,0.00377168,0.0019059909,0.0023060176,0.0063318294,0.13462093,0.17133711,0.0029179412,0.006511989,0.010011755,0.003241176,0.0033205382,0.010175883
"MAG260",0,0,0,0.00097053085,0,0,0,0,0,0.005411563,0.0033961674,0.0030630708,0,0,0,0.09481675,0.042801745,0.04727127,0.0014449672,0.0006621916,0.00059909554,0,0,0
"MAG261",0.0056490437,0.14095347,0.13759953,0.015104736,0.65798694,0.35856685,0.0060545984,0.06324,0.025090713,0.011273995,0.12998326,0.1310613,0.02711425,0.264157,0.081759185,0.004394169,0.15344492,0.15418026,0.0068270783,0.08364249,0.049681406,0.0063642687,0.065376684,0.03634396
"MAG262",0.008902458,0,0,0,0,0,0.0019354834,0.0018340737,0,0.014991341,0.0062041706,0.0028530094,0,0,0,0.0347796,0.036839485,0.019449944,0.0075394027,0.001793617,0.001014697,0,0,0
"MAG263",0.026728593,0,0,0.009872043,0,0,0.016733702,0.0015714878,0.0011986936,0.007660957,0,0,0.0009473121,0,0,0.013742258,0.0011814446,0,0.049173586,0.0021435753,0.0014639007,0.0038465604,0,0
"MAG264",0.011916224,0,0,0.0012411831,0,0,0.002659926,0,0,0,0,0,0,0,0,0.012377755,0.001482135,0.0012557075,0.041194588,0.0018827239,0.0007533171,0.0019781287,0,0
"MAG265",0.035525564,0.0014714,0.0044446853,0.018538501,0.0027017894,0.0020964441,0.02707516,0.0036629885,0.002530208,0.067782335,0.007454526,0.007223171,0.026531128,0.0028487465,0.003074625,0.046455342,0.0063107363,0.006829941,0.089762755,0.0033085244,0.0065996572,0.037488062,0.0026966992,0.0037457768
"MAG266",0.0024127536,0,0,0.001542819,0,0,0.0072478694,0.00071509025,0,0.029994858,0.0018756245,0.0014125172,0,0,0,0.0058586635,0,0,0.06323267,0.0028842154,0.0026943132,0,0,0
"MAG267",0.017185861,0.003997394,0.0026676913,0.00074532826,0,0,0.008476009,0.0038669696,0.0013168682,0.022857133,0.00970309,0.00610946,0.0053103007,0.0013374607,0.00093938893,0.012958142,0.004972386,0.0039205034,0.023534503,0.0060527804,0.0055114864,0.006647208,0.0026717829,0.0016764405
"MAG268",0.18754974,0.008804698,0.0064522326,0.6275711,0.01168358,0.010146552,0.39491895,0.0039747595,0.0040676566,0.4411998,0.0035047524,0.0035445273,0.4259264,0.0018697899,0.0046133017,0.22346029,0.0031300378,0.0028490059,0.54030454,0.0025048049,0.0032191386,0.76452863,0.002132678,0.0046811216
"MAG269",0,0,0,0.029531578,0.0051252986,0.004874165,0.011253463,0.004893499,0.0027335796,0.008719446,0.0028451832,0.0009868001,0.012949107,0.003373279,0.0014260228,0.0020894792,0,0,0.034724947,0.0061838683,0.0041065807,0.097794704,0.017278919,0.013169193
"MAG270",0.08495419,0,0.0008373835,0.07154325,0.07584721,0.095201254,0.015440196,0,0,0.11057446,0.002040965,0.0118003655,0.09632567,0.015883455,0.011068982,0.033833344,0.02684937,0.050825045,0.029304015,0.0017679239,0.0021959795,0.1199614,0.0014682264,0.00084874313
"MAG271",0.018910306,0.0072570695,0.009161698,0.0050333543,0.0076706535,0.007204629,0.022913758,0.015241776,0.010639695,0.010428572,0,0,0.04547997,0.005149949,0.0038511264,0.012569965,0,0,0.0051836222,0,0.013494706,0.108392484,0.012206781,0.013020081
"MAG272",0.015609348,0.0022687782,0.0023726283,0.0036955974,0.0009992298,0.0007643677,0.009083513,0.00451508,0.0024334346,0.000950167,0,0,0,0,0,0.0022654557,0,0,0.0061532976,0.0017771849,0.0018295014,0.088032514,0.03458874,0.024681434
"MAG273",0.00088544225,0.000699932,0.0009973862,0.0025742094,0.0030113375,0.003153039,0.035944276,0.016850492,0.024989955,0.1704373,0.033312857,0.048398264,0.025753139,0.01731278,0.016677998,0.067685656,0.026015218,0.026894059,0.11836881,0.019191941,0.017743403,0.2590547,0.18105501,0.16180006
"MAG274",0.00895888,0.0019933737,0.0012907446,0.012284664,0.050379883,0.030441875,0.0073258094,0.034048285,0.007648428,0.0056874254,0.011877052,0.012538046,0.009419513,0.11725754,0.039027512,0.007243974,0.011208886,0.00709656,0.004655043,0.009074292,0.0053878827,0.008310365,0.10642381,0.023965323
"MAG275",0.009061484,0.020177646,0.0053115687,0.010924697,0.02826735,0.015104202,0.01770819,0.042552322,0.01750024,0.00556792,0.025640035,0.013049226,0.01063397,0.027697686,0.011068293,0.010481878,0.031847402,0.017719304,0.0055302815,0.02125967,0.011664202,0.016720532,0.050436966,0.017773293
"MAG276",0.090568826,0.036168255,0.039167337,0.11078279,0.039622895,0.030498361,0.07803233,0.040761806,0.02418295,0.07124365,0.039584406,0.07098224,0.13462967,0.068584725,0.0473057,0.07816802,0.025820557,0.034418844,0.08741811,0.061292477,0.07252136,0.11367411,0.07953272,0.05477421
"MAG277",0.062676474,0.052605297,0.047835547,0.026414981,0.021823155,0.04184129,0.03467281,0.031104892,0.03819378,0.030904202,0.03319006,0.07258804,0.08180672,0.05794974,0.06722093,0.041374147,0.03174344,0.07907616,0.023459379,0.023484731,0.037349902,0.057439815,0.044396114,0.044926707
"MAG278",0.014418859,0.00091169804,0.00072056544,0.040821265,0.0034489825,0.0029822087,0.023817707,0.0025933415,0.0055393875,0.004174509,0,0,0.009263535,0,0,0.014165418,0.0015700661,0.0023647635,0.0038795026,0,0,0.008264233,0,0
"MAG279",0.013977153,0.003760817,0.0010661811,0.11276564,0.11431051,0.77986825,0.025498642,0.029046495,0.10589791,0.016017154,0.016507396,0.1665106,0.035820298,0.020074207,0.16986324,0.002675109,0.0029882586,0.002752476,0.010115662,0.0076553216,0.0104783615,0.02343651,0.021253435,0.094186306
"MAG280",0.00081012805,0,0,0,0,0,0.040536266,0.0046692565,0.0021425127,0.0023193217,0,0,0.012941155,0.0012060148,0.000706864,0.0006470088,0,0,0.031482194,0.0029705125,0.0023808633,0.0015412216,0,0
"MAG281",0.07291973,0.00089305453,0.0011505237,0.06725231,0.0010922812,0.0012879907,0.46998045,0.006028141,0.004040537,0.019918682,0,0.0024006926,0.4608747,0.007590224,0.009727824,0.030155668,0.0014073856,0.0029742038,0.048877742,0,0,0.16828696,0.003264292,0.0014909541
"MAG282",0.036337364,0.63858926,1.0351813,0.52960896,2.2299216,6.677288,1.1351712,5.313099,9.60416,0.047170535,0.762267,2.5696151,0.9437833,2.5299695,6.329213,0.021911165,0.3216078,0.9924892,0.046843965,0.41487932,1.3164402,0.6280711,2.0684958,6.0218477
"MAG283",0,0,0,0.0023805352,0.0011778807,0.0015109972,0.06463923,0.058259092,0.054107472,0.0018633131,0.001014026,0.0011645823,0.08425038,0.029223397,0.027871326,0,0,0,0,0,0,0.012786874,0.0067333826,0.009317351
"MAG284",0.07834491,0.098713756,0.099465385,0.07237225,0.1397271,0.10401335,0.036025796,0.10801003,0.053547915,0.046277456,0.066069305,0.037775036,0.04489795,0.09894831,0.058205884,0.015691824,0.043296266,0.03698317,0.033224236,0.042485334,0.040570356,0.018346975,0.07415028,0.038631245
"MAG285",0.5724928,13.92234,13.5331135,0.26200846,7.817118,4.5347548,0.32637787,9.942735,5.099913,0.39518645,11.741536,7.159533,0.61638486,9.04308,6.783839,0.14536831,8.116027,6.9087954,0.3955565,8.385111,9.213287,0.48559037,7.816384,6.540887
"MAG286",0.016897867,0.003274038,0.0022952335,0.019210475,0.0019664566,0.0014952547,0.02997665,0.0057133613,0.0034182845,0.011961635,0.00260564,0.002381724,0.08248233,0.030071223,0.020471487,0.0056968234,0.0014564226,0.0016830567,0.025897669,0.007035926,0.0048551476,0.014260011,0.0035685657,0.002821714
"MAG287",0.003815674,0,0,0.008454119,0,0,0.03308751,0.004317552,0.0013956924,0.0006825291,0,0,0.059628792,0.006941854,0.0025741057,0.020588629,0.0026318945,0.001725112,0.009868823,0,0,0.005664066,0,0
"MAG288",0.07048797,0.0036611774,0.0025327047,0.18094736,0.009574868,0.006676276,0.056675732,0.0060811453,0.0031998523,0.03522745,0.004529144,0.0034973086,0.06808817,0.008559654,0.0031069948,0.0025093618,0,0,0.0063001118,0,0.00061425084,0.07216701,0.0074510337,0.0046105273
"MAG289",0.01248197,0.0021402538,0.005202385,0.06635828,0.033696033,0.17377305,0.023671487,0.011666693,0.03622193,0.016551893,0.010899476,0.15686962,0.05135496,0.019745616,0.24876711,0.035901334,0.0142747285,0.132632,0.018518064,0.007860127,0.051615387,0.07252272,0.04607312,0.16072588
"MAG290",0.12961797,0.013261907,0.0059611294,0.13607776,0.0549548,0.056201782,0.5468012,0.19025055,0.16739921,0.13750619,0.04743764,0.040176682,0.30635485,0.10497317,0.07985069,0.13099122,0.045174997,0.032814227,0.23060702,0.07289996,0.060574252,0.42208764,0.15493074,0.09916118
"MAG291",0.10740965,0.08593127,0.104357876,0.036474716,0.096922025,0.041483857,0.052800786,0.3511264,0.062843345,0.036131565,0.023629384,0.027267847,0.08898415,0.6433605,0.07315322,0.019616082,0.030636344,0.00758005,0.019518945,0.002786235,0.0012060242,0.08800348,0.042982534,0.00993705
"MAG292",0,0,0,0.0024632115,0.0041093826,0.0018261159,0.011781284,0.016407762,0.006646396,0,0.00093908067,0,0.07361642,0.06422643,0.028581414,0,0,0,0,0,0,0.0017950949,0.0026474916,0.0011232876
"MAG293",0.0038862436,0.005283041,0.003481074,0.008221597,0.010453375,0.007530779,0.0068023754,0.029006375,0.0192365,0.0054941066,0.012337719,0.029131545,0.03367115,0.11487475,0.09317166,0.0021083918,0.004331881,0.0024002823,0.004110484,0.020953016,0.00788781,0.077816606,0.42333528,0.6281006
"MAG294",0.060838446,0.39051172,0.24681425,0.019206908,0.12227764,0.082888,0.10580698,0.38119933,0.18356128,0.09251158,0.36437652,0.2878017,0.034320652,0.15988351,0.08984067,0.0106487535,0.05145275,0.07398206,0.011558563,0.068616495,0.07637229,0.0064891693,0.0405434,0.020396357
"MAG295",0.025045866,0.00068102055,0.0007121156,0.009790435,0.001034369,0,0.00667399,0.0007847212,0,0.015372055,0.0012255044,0.0010398285,0.0012491149,0,0,0.044660244,0.00963253,0.0075325454,0.017923558,0.0014048717,0.0007029984,0.0023780155,0,0
"MAG296",0,0,0,0.020967927,0.0015815628,0.0011310226,0,0,0,0,0,0,0,0,0,0.037347656,0.0025528616,0.0015996024,0,0,0,0,0,0
"MAG297",0,0,0,0.0038436884,0.0019224092,0.0013819648,0.018086376,0.014155328,0.004945778,0.0019367514,0,0,0.012949289,0.008364726,0.003752044,0.09459585,0.057898145,0.03500273,0.007723272,0.001918982,0.0011288301,0.02692993,0.006228759,0.0029343395
"MAG298",0.03333939,0.001945312,0.0012598715,0.078071386,0.0027971752,0.0016361754,0.048267104,0.002357647,0.000902112,0.0313862,0.0009927934,0,0.036666702,0,0,0.01449905,0.00078268367,0,0.030219266,0,0,0.095911644,0.0008607652,0
"MAG299",0.0032330884,0.08290509,0.05834319,0.00059431326,0.036117885,0.017271554,0.00045262088,0.011265918,0.0029373493,0,0.009389839,0.0059157955,0,0.010166113,0.0042494643,0.00057277735,0.08760571,0.06372369,0.0015258648,0.09436175,0.06094837,0.0979699,2.7150266,1.1855129
"MAG300",0.053898733,0.14182873,0.1516204,0.04625479,0.101503246,0.14717163,0.10009553,0.19808598,0.2623349,0.078801,0.2229023,0.384168,0.120769314,0.18275812,0.2714936,0.050718084,0.19984375,0.39567694,0.059618544,0.17816314,0.49019405,0.13537271,0.23941723,0.34706417
"MAG301",0.036351237,0.011324256,0.008991631,0.024871122,0.0148367435,0.0149212,0.036777668,0.021169785,0.014014066,0.12357114,0.102018304,0.12728024,0.04458659,0.011291726,0.018067067,0.08964924,0.082009204,0.12826765,0.098185875,0.086286396,0.10704094,0.10288648,0.07019679,0.05945325
